Product ID,Product Name,Price,Category,listed_on_site,Product URL
18090453490871,HUAWEI classic backpack,1499.0,Aksesuar,False,https://consumer.huawei.com/tr/accessories/classic-backpack/
18090637967417,HUAWEI WiFi Mesh X3 Pro,5999.0,Router,True,https://consumer.huawei.com/tr/routers/x3-pro/
18090295685433,HUAWEI WATCH ULTIMATE DESIGN Royal Gold Edition,269999.0,Akıllı Saat,True,https://consumer.huawei.com/tr/wearables/watch-ultimate-design-royal-gold-edition/
18090157452741,HUAWEI WATCH FIT 5 Pro,13999.0,Akıllı Saat,True,https://consumer.huawei.com/tr/wearables/watch-fit5-pro/
18090117844908,HUAWEI WiFi BE3,3999.0,Router,True,https://consumer.huawei.com/tr/routers/wifi-be3/
18090567623503,HUAWEI WATCH FIT 5,9999.0,Akıllı Saat,True,https://consumer.huawei.com/tr/wearables/watch-fit5-pro/
18090869773915,HUAWEI Pura 80 Ultra,94999.0,Telefon,True,https://consumer.huawei.com/tr/phones/pura80-ultra/
18090613563237,HUAWEI WATCH GT Runner 2,17499.0,Akıllı Saat,True,https://consumer.huawei.com/tr/wearables/watch-gt-runner-2/
18090491293371,HUAWEI WATCH Buds,15999.0,Akıllı Saat,True,https://consumer.huawei.com/tr/wearables/watch-buds/
18090924447021,HUAWEI ws318n,499.0,Router,False,https://consumer.huawei.com/tr/routers/ws318n/
18090914465213,HUAWEI FreeArc,5499.0,Ses,True,https://consumer.huawei.com/tr/headphones/freearc/
18090822249077,HUAWEI Mate X6,119999.0,Telefon,True,https://consumer.huawei.com/tr/phones/mate-x6/
18090909566098,HUAWEI WATCH GT 7,15999.0,Akıllı Saat,True,https://consumer.huawei.com/tr/wearables/watch-gt7/
18090443642619,HUAWEI FreeBuds Pro 4,8999.0,Ses,True,https://consumer.huawei.com/tr/headphones/freebuds-pro-4/
18090893871711,HUAWEI nova 13 Pro,34999.0,Telefon,True,https://consumer.huawei.com/tr/phones/nova13-pro/
18090069121345,HUAWEI WATCH ULTIMATE DESIGN Spring Edition,269999.0,Akıllı Saat,True,https://consumer.huawei.com/tr/wearables/watch-ultimate-design-spring-edition/
18090158842446,HUAWEI WiFi Mesh X1 Pro,6999.0,Router,True,https://consumer.huawei.com/tr/routers/x1-pro/
18090850285648,HUAWEI Pura 80 Pro,64999.0,Telefon,True,https://consumer.huawei.com/tr/phones/pura80-pro/
18090305038218,HUAWEI WATCH FIT 4,7999.0,Akıllı Saat,True,https://consumer.huawei.com/tr/wearables/watch-fit4-pro/
18090138862354,HUAWEI huawei watch gt4 kayis,999.0,Aksesuar,False,https://consumer.huawei.com/tr/accessories/huawei-watch-gt4-kayis/
18090485214345,HUAWEI smart keyboard compatible with matepad 11 5,3499.0,Aksesuar,False,https://consumer.huawei.com/tr/accessories/smart-keyboard-compatible-with-matepad-11-5/
18090685465998,HUAWEI sc wireless charger,499.0,Aksesuar,False,https://consumer.huawei.com/tr/accessories/sc-wireless-charger/
18090831799421,HUAWEI bluetooth mouse cd23 se,999.0,Aksesuar,False,https://consumer.huawei.com/tr/accessories/bluetooth-mouse-cd23-se/
18090903837590,HUAWEI Pura 70,41999.0,Telefon,True,https://consumer.huawei.com/tr/phones/pura70/
18090206690248,HUAWEI WATCH FIT 4 Pro,10499.0,Akıllı Saat,True,https://consumer.huawei.com/tr/wearables/watch-fit4-pro/
18090962970564,HUAWEI pura80 ultra monogram vegan leather case,1299.0,Aksesuar,False,https://consumer.huawei.com/tr/accessories/pura80-ultra-monogram-vegan-leather-case/
18090236387595,HUAWEI Pura 90s Pro Max,119999.0,Telefon,True,https://consumer.huawei.com/tr/phones/pura90s-pro-max/
18090089980182,HUAWEI Band 11 Pro,3499.0,Akıllı Saat,True,https://consumer.huawei.com/tr/wearables/band11-pro/
18090372053303,HUAWEI MatePad Pro Max,63999.0,Tablet,True,https://consumer.huawei.com/tr/tablets/matepad-pro-max/
18090819657518,HUAWEI WATCH Ultimate,35999.0,Akıllı Saat,True,https://consumer.huawei.com/tr/wearables/watch-ultimate/
18090798924899,HUAWEI M-Pencil Pro,6999.0,Tablet,True,https://consumer.huawei.com/tr/accessories/m-pencil-pro/
18090008921787,HUAWEI nova 13,29999.0,Telefon,True,https://consumer.huawei.com/tr/phones/nova13/
18090449999870,HUAWEI MatePad 11.5\,22999.0,Tablet,True,https://consumer.huawei.com/tr/tablets/matepad-11-5-s/
18090266738947,HUAWEI WATCH GT 6 Pro,19999.0,Akıllı Saat,True,https://consumer.huawei.com/tr/wearables/watch-gt6-pro/
18090629985723,HUAWEI band9,1799.0,Akıllı Saat,False,https://consumer.huawei.com/tr/wearables/band9/
18090584262562,HUAWEI FreeBuds SE 2,1699.0,Ses,True,https://consumer.huawei.com/tr/headphones/freebuds-se-2/
18090917053622,HUAWEI wireless mouse,1299.0,Aksesuar,False,https://consumer.huawei.com/tr/accessories/wireless-mouse/
18090665080692,HUAWEI watch fit 5 series strap,999.0,Aksesuar,False,https://consumer.huawei.com/tr/accessories/watch-fit-5-series-strap/
18090174739183,HUAWEI superpower 100w wall charger,3299.0,Aksesuar,False,https://consumer.huawei.com/tr/accessories/superpower-100w-wall-charger/
18090025879992,HUAWEI FreeBuds SE 4 ANC,2999.0,Ses,True,https://consumer.huawei.com/tr/headphones/freebuds-se-4-anc/
18090538290689,HUAWEI FreeClip,7999.0,Ses,True,https://consumer.huawei.com/tr/headphones/freeclip/
18090835700608,HUAWEI folio cover compatible with matepad 11 5 s,1699.0,Aksesuar,False,https://consumer.huawei.com/tr/accessories/folio-cover-compatible-with-matepad-11-5-s/
18090472928718,HUAWEI Pura 90s Pro,79999.0,Telefon,True,https://consumer.huawei.com/tr/phones/pura90s-pro/
18090406424377,HUAWEI WATCH GT 7 Pro,22999.0,Akıllı Saat,True,https://consumer.huawei.com/tr/wearables/watch-gt7-pro/
18090916238739,HUAWEI Pura 70 Pro,54999.0,Telefon,True,https://consumer.huawei.com/tr/phones/pura70-pro/
18090951139670,HUAWEI m pencil 3rd generation,4999.0,Aksesuar,False,https://consumer.huawei.com/tr/accessories/m-pencil-3rd-generation/
18090221361794,HUAWEI WATCH D2,19999.0,Akıllı Saat,True,https://consumer.huawei.com/tr/wearables/watch-d2/
18090589830579,HUAWEI WATCH Ultimate 2,44999.0,Akıllı Saat,True,https://consumer.huawei.com/tr/wearables/watch-ultimate-2/
18090856660626,HUAWEI FreeBuds SE 3,2299.0,Ses,True,https://consumer.huawei.com/tr/headphones/freebuds-se-3/
18090367402763,HUAWEI WATCH KIDS X1,15999.0,Akıllı Saat,True,https://consumer.huawei.com/tr/wearables/watch-kids-x1/
18090415148865,HUAWEI Mate X7,139999.0,Telefon,True,https://consumer.huawei.com/tr/phones/mate-x7/
18090881468710,HUAWEI Band 10,1699.0,Akıllı Saat,True,https://consumer.huawei.com/tr/wearables/band10/
18090390816102,HUAWEI watch gt series 46mm strap,799.0,Aksesuar,False,https://consumer.huawei.com/tr/accessories/watch-gt-series-46mm-strap/
18090066012739,HUAWEI WiFi BE3 Pro,4499.0,Router,True,https://consumer.huawei.com/tr/routers/wifi-be3-pro/
18090196923136,HUAWEI super wall charger,999.0,Aksesuar,False,https://consumer.huawei.com/tr/accessories/super-wall-charger/
18090824859069,HUAWEI WiFi AX2,1499.0,Router,True,https://consumer.huawei.com/tr/routers/ax2/
18090651266193,HUAWEI MatePad SE 11\,10999.0,Tablet,True,https://consumer.huawei.com/tr/tablets/matepad-se-11/
18090689320335,HUAWEI MatePad 11.5,13999.0,Tablet,True,https://consumer.huawei.com/tr/tablets/matepad-11-5-2025/
18090391166928,HUAWEI MatePad Pro 12.2-inch,54999.0,Tablet,True,https://consumer.huawei.com/tr/tablets/matepad-pro-12-2/
18090532075991,HUAWEI MatePad 12 X,30999.0,Tablet,True,https://consumer.huawei.com/tr/tablets/matepad-12-x-2025/
18090350861852,HUAWEI watch fit 4 series strap,999.0,Aksesuar,False,https://consumer.huawei.com/tr/accessories/watch-fit-4-series-strap/
18090400974139,HUAWEI watch d2 strap,1299.0,Aksesuar,False,https://consumer.huawei.com/tr/accessories/watch-d2-strap/
18090631473352,HUAWEI micro b cable 1m,149.0,Aksesuar,False,https://consumer.huawei.com/tr/accessories/micro-b-cable-1m/
18090534361851,HUAWEI mpencil paket cd54,1499.0,Aksesuar,False,https://consumer.huawei.com/tr/accessories/mpencil-paket-cd54/
18090230523686,HUAWEI FreeBuds 6,7499.0,Ses,True,https://consumer.huawei.com/tr/headphones/freebuds6/
18090442240534,HUAWEI nova13 pu kilif,999.0,Aksesuar,False,https://consumer.huawei.com/tr/accessories/nova13-pu-kilif/
18090673818949,HUAWEI pura80 pro cloud vegan leather case,1699.0,Aksesuar,False,https://consumer.huawei.com/tr/accessories/pura80-pro-cloud-vegan-leather-case/
18090820299614,HUAWEI huawei watch fit3 kayis,699.0,Aksesuar,False,https://consumer.huawei.com/tr/accessories/huawei-watch-fit3-kayis/
18090271804980,HUAWEI folio cover compatible with matepad 11 5 2025,999.0,Aksesuar,False,https://consumer.huawei.com/tr/accessories/folio-cover-compatible-with-matepad-11-5-2025/
18090976795669,HUAWEI smart magnetic keyboard compatible with matepad pro 13 2,4499.0,Aksesuar,False,https://consumer.huawei.com/tr/accessories/smart-magnetic-keyboard-compatible-with-matepad-pro-13-2/
18090021258172,HUAWEI FreeBuds 6i,3499.0,Ses,True,https://consumer.huawei.com/tr/headphones/freebuds6i/
18090721008218,HUAWEI FreeClip 2,9699.0,Ses,True,https://consumer.huawei.com/tr/headphones/freeclip2/
18090577362573,HUAWEI FreeBuds 7i,4999.0,Ses,True,https://consumer.huawei.com/tr/headphones/freebuds7i/
18090915948740,HUAWEI watch ultimate design,99999.0,Akıllı Saat,False,https://consumer.huawei.com/tr/wearables/watch-ultimate-design/
18090472917003,HUAWEI pura80 pro letter magnetic case,1299.0,Aksesuar,False,https://consumer.huawei.com/tr/accessories/pura80-pro-letter-magnetic-case/
18090454945633,HUAWEI Pura 70 Ultra,74999.0,Telefon,True,https://consumer.huawei.com/tr/phones/pura70-ultra/
18090391285008,HUAWEI MatePad 11.5 S 2026,21999.0,Tablet,True,https://consumer.huawei.com/tr/tablets/matepad-11-5-s-2026/
18090070229422,HUAWEI WATCH GT 5 Pro,13999.0,Akıllı Saat,True,https://consumer.huawei.com/tr/wearables/watch-gt5-pro/
18090196915036,HUAWEI smart magnetic keyboard compatible with matepad 11,1499.0,Aksesuar,False,https://consumer.huawei.com/tr/accessories/smart-magnetic-keyboard-compatible-with-matepad-11/
18090375358924,HUAWEI nova13 pro pu kilif,999.0,Aksesuar,False,https://consumer.huawei.com/tr/accessories/nova13-pro-pu-kilif/
18090880042601,HUAWEI WiFi Mesh 3,3999.0,Router,True,https://consumer.huawei.com/tr/routers/wifi-mesh3/
18090643571217,HUAWEI scale 3,2299.0,Aksesuar,False,https://consumer.huawei.com/tr/accessories/scale-3/
18090972436715,HUAWEI matepad pro 13 2,44999.0,Tablet,False,https://consumer.huawei.com/tr/tablets/matepad-pro-13-2/
18090308954327,HUAWEI FreeBuds Pro 5,9999.0,Ses,True,https://consumer.huawei.com/tr/headphones/freebuds-pro-5/
18090748965876,HUAWEI ax3s,2799.0,Router,False,https://consumer.huawei.com/tr/routers/ax3s/
18090737505733,HUAWEI WATCH FIT 2,2999.0,Akıllı Saat,True,https://consumer.huawei.com/tr/wearables/watch-fit2/
18090851487036,HUAWEI nova 9 case,149.0,Aksesuar,False,https://consumer.huawei.com/tr/accessories/nova-9-case/
18090949691975,HUAWEI nova 14 Pro,35999.0,Telefon,True,https://consumer.huawei.com/tr/phones/nova14-pro/
18090682712574,HUAWEI superpower 66w wall charger,2299.0,Aksesuar,False,https://consumer.huawei.com/tr/accessories/superpower-66w-wall-charger/
18090007828259,HUAWEI MateBook D 14 2024 13th Gen Core,26999.0,PC,True,https://consumer.huawei.com/tr/laptops/matebook-d-14-2024-13th-gen-core/
18090957376740,HUAWEI mateview gt se,9999.0,Monitör,False,https://consumer.huawei.com/tr/monitors/mateview-gt-se/
18090259005162,HUAWEI huawei akilli saat sar,249.0,Aksesuar,False,https://consumer.huawei.com/tr/accessories/huawei-akilli-saat-sar/
18090916801488,HUAWEI huawei watch serisi kablosuz sarj,699.0,Aksesuar,False,https://consumer.huawei.com/tr/accessories/huawei-watch-serisi-kablosuz-sarj/
18090554739409,HUAWEI Band 11,2699.0,Akıllı Saat,True,https://consumer.huawei.com/tr/wearables/band11/
18090280958498,HUAWEI WATCH 5,27999.0,Akıllı Saat,True,https://consumer.huawei.com/tr/wearables/watch-5/
18090069977594,HUAWEI MateBook D 16,33999.0,PC,True,https://consumer.huawei.com/tr/laptops/matebook-d-16-2024/
18090880150810,HUAWEI watch wireless supercharger 2nd generation,699.0,Aksesuar,False,https://consumer.huawei.com/tr/accessories/watch-wireless-supercharger-2nd-generation/
18090568414912,HUAWEI huawei p50 pocket kilif,799.0,Aksesuar,False,https://consumer.huawei.com/tr/accessories/huawei-p50-pocket-kilif/
18090484984147,HUAWEI easyfit 3,1499.0,Aksesuar,False,https://consumer.huawei.com/tr/accessories/easyfit-3/
18090487855244,HUAWEI WATCH GT 5,9999.0,Akıllı Saat,True,https://consumer.huawei.com/tr/wearables/watch-gt5/
18090856544048,HUAWEI pura80 pro monogram vegan leather case,1299.0,Aksesuar,False,https://consumer.huawei.com/tr/accessories/pura80-pro-monogram-vegan-leather-case/
18090107375270,HUAWEI FreeClip 2 S,12199.0,Ses,True,https://consumer.huawei.com/tr/headphones/freeclip2/
18090319930519,HUAWEI matepad 11 5 papermatte edition,14999.0,Tablet,False,https://consumer.huawei.com/tr/tablets/matepad-11-5-papermatte-edition/
18090483347531,HUAWEI pura80 ultra cloud vegan leather case,1699.0,Aksesuar,False,https://consumer.huawei.com/tr/accessories/pura80-ultra-cloud-vegan-leather-case/
18090802339535,HUAWEI m pencil package,2499.0,Aksesuar,False,https://consumer.huawei.com/tr/accessories/m-pencil-package/
18090119259293,HUAWEI MatePad Pro 12-inch,69999.0,Tablet,True,
18090721526230,HUAWEI MatePad Air,42999.0,Tablet,True,
18090737436694,HUAWEI FreeBuds Neo,6999.0,Ses,True,
