date,product_id,product_name,category,tuik_category,price,relative_1d,relative_7d,relative_15d,relative_30d
2026-09-06,1000434,cellularline usb to usb c 2 m,,08,389.0,0.0,0.0,0.0,0.0
2026-09-06,1000884,intel core ultra 5 235,,08,11599.0,10.709172473036176,10.709172473036176,10.709172473036176,10.709172473036176
2026-09-06,1001041,bosch tk mh 5000,,05,49130.9,0.0,0.0,3.8468936333910353,3.8468936333910353
2026-09-06,1001247,samsung galaxy s25 plus 512gb,,08,75499.0,0.0,0.0,0.0,-5.625070313378922
2026-09-06,1001684,molfix premium 5 beden 252 adet,,13,11.0,0.0,0.0,0.0,9.126984126984116
2026-09-06,1001720,molfix premium 3 beden 282 adet,,13,6.55,0.0,0.0,0.0,-5.072463768115954
2026-09-06,1001920,apple magic keyboard touch id mxk73tz a,,08,9899.0,0.0,-5.714829983807979,-5.714829983807979,-5.714829983807979
2026-09-06,1002036,grundig kva 8230 delisia,,05,18519.0,0.0,-0.9149277688603519,-1.7539876135433952,0.5175958713913298
2026-09-06,1002741,arcelik 11140 mx,,05,29049.6,2.232967682675757,10.880567960609188,10.610280158184393,11.733914998744165
2026-09-06,1003628,digitus da 70916,,08,3500.0,0.0,0.0,0.0,0.0
2026-09-06,1003870,lexar professional 1800x gold series 512 gb,,08,15498.0,0.0,-3.1253906738342274,36.54625550660793,36.54625550660793
2026-09-06,1004074,vestel hv1140,,05,10009.09,0.0,0.0,0.0,-2.6637168141592893
2026-09-06,1004390,altus al 709 xnf je,,05,22450.2,0.7404017015777198,-1.3650602568439751,-0.3940721468812747,-2.390434782608697
2026-09-06,1004584,miele wwg880 wcs,,05,121990.0,0.0,0.0,0.0,0.0
2026-09-06,100471,jowissa 5380,,05,1939.2,0.0,-1.6433353621424174,-1.6433353621424174,-1.6433353621424174
2026-09-06,1004721,infinix hot 50 256gb,,08,11997.0,0.0,-5.513113333858389,-10.45010076882884,-15.496231598224973
2026-09-06,1006148,cooler master ga2711,,08,16944.7,0.0,0.0,0.0,0.0
2026-09-06,1006584,garmin descent g2,,08,39690.0,0.0,-0.7725193129828223,-0.7725193129828223,0.0
2026-09-06,1006784,direct nexus voice,,06,1073.51,0.0,-1.123688646139398,-2.9946234130032168,4.039425099095784
2026-09-06,1007582,onvo 40ovf4000af,,09,13790.8,0.0,9.078541485406944,7.930346311876346,24.927077256438036
2026-09-06,1007886,louisiana polo 1808 polikarbon buyuk ve orta boy 2li valiz seti,,03,4488.0,0.0,0.0,0.0,0.0
2026-09-06,1008532,msi pro mp251 e2,,08,4149.0,0.0,-1.5195750316874923,-0.5043129186120932,-1.5195750316874923
2026-09-06,1010570,edifier mr3 2 0,,09,8548.86,14.79571694449593,3.4482508258812494,12.499802605606014,0.26576904130797274
2026-09-06,1010575,edifier if200 plus,,09,2499.0,0.0,-41.88236935742691,-40.91947175057095,-39.03391070992925
2026-09-06,1010774,belkin boostcharge wca008,,08,699.0,0.0,0.0,40.080160320641276,40.080160320641276
2026-09-06,1011412,casper nirvana z100 1335 bv00p m q,,08,42097.03,0.0,-0.03331666312840209,-0.03331666312840209,-1.0204081632652962
2026-09-06,1011422,bosch condense 1200 w 20 22,,05,34415.4,0.0,1.1048993369428883,1.1048993369428883,1.1048993369428883
2026-09-06,1013136,wison ws 650,,13,1950.0,0.0,0.0,0.0,21.875
2026-09-06,1013235,kingston renegade rgb,,08,45119.35,0.0,42.760164530928634,42.760164530928634,43.921371610845284
2026-09-06,1013375,aerocool p300c,,08,2911.09,0.0,0.0,0.0,-1.0869565217391242
2026-09-06,1013395,cvs dn 91035,,05,1199.0,0.0,-2.042483660130723,0.0,-2.6074242547315385
2026-09-06,1013513,waizowl ogm cloud crimson lion,,08,5634.02,0.0,7.539988547432719,7.539988547432719,13.681479104998617
2026-09-06,1013805,siemens ep7a6qi40o,,05,50992.9,0.0,5.152358112190503,5.152358112190503,4.067142857142869
2026-09-06,1016806,powertec tr 1005,,13,291.7,0.0,0.0,1.2917563719702763,36.24474544605325
2026-09-06,1017169,arcelik 2200 ub,,05,7312.0,0.0,0.7162534435261714,0.7162534435261714,-0.41538985359209635
2026-09-06,1017170,aquamara lycz629,,05,17355.0,0.0,0.0,0.0,
2026-09-06,1018050,zotac gaming geforce rtx 5050 twin edge,,08,21199.0,0.0,0.0,0.6170202667426183,1.4354753815972066
2026-09-06,1018112,arcelik 12140 mxa,,05,34591.08,0.26667377796740777,13.476998579531486,13.476998579531486,9.816438617098955
2026-09-06,1018430,bosch wgk264zrtr,,05,43162.02,0.0,6.010119120717183,6.518446127534805,4.038711388041882
2026-09-06,1018553,siemens wg64k2zrtr,,05,47519.01,0.7417990290679688,3.1123344624137905,3.1123344624137905,6.156181514767667
2026-09-06,1019198,sinbo sfc 4101,,05,5331.14,0.0,-0.6598280086834163,-0.6598280086834163,-2.2727272727272596
2026-09-06,1019424,miele twd640wp,,05,115990.0,0.0,0.0,0.0,0.0
2026-09-06,1019427,miele tea525wp,,05,96990.0,0.0,0.0,0.0,0.0
2026-09-06,1019530,aryildiz clovia cam,,05,1429.25,0.0,3.7357197810971243,5.4446862665535445,-3.1016949152542383
2026-09-06,1019531,aryildiz robust termoslu,,05,2878.08,0.0,-2.0408163265306145,-2.0408163265306145,-1.0309278350515427
2026-09-06,1019630,shark neverchange5 compact pro hp072eu,,05,4999.0,0.0,-12.28362621840482,-16.669444907484575,-16.669444907484575
2026-09-06,1019647,lg xboom bounce,,09,6569.61,0.0,5.164238834640633,-0.4151887221464312,-3.793147380953432
2026-09-06,1019814,philips 65pus8050,,09,43999.0,0.0,-2.0044989866144003,-4.347920606969713,-4.347920606969713
2026-09-06,1020011,tcl elite plus 12 tac 12chsd xa73i,,05,27483.1,0.0,-1.9654634891079104,-2.0353531212906506,-3.564686480227386
2026-09-06,1020064,classone dj 16,,09,1350.0,0.0,0.0,0.0,0.0
2026-09-06,1020368,itimat bora 16 plus,,05,1780.0,0.0,0.0,0.0,5.788660406513735
2026-09-06,1020398,grundig gpdh 10855,,05,25023.08,0.0,3.4866832092638633,3.4866832092638633,7.626150537634424
2026-09-06,1020546,kanz xflop autofold kabin,,13,13999.0,0.0,0.0,9.803398657949746,28.237189792689787
2026-09-06,1022817,msi b850m gaming plus wifi,,08,9989.0,0.0,0.0,2.5669986651607024,2.5669986651607024
2026-09-06,1024631,emsan nostalji,,05,2366.63,0.0,-2.2728117373547962,-2.2728117373547962,-1.808955991751826
2026-09-06,1024980,artes i701,,08,6391.7,0.0,0.37532585822417364,0.7122035767745949,1.474884104908858
2026-09-06,1025090,loop explorer,,09,54365.0,0.0,0.0,0.0,3.8564330239195366
2026-09-06,1025167,musullu wd 108,,05,17479.08,0.0,-10.71168778095627,,
2026-09-06,1025902,beko kmb 1001 hb,,05,32200.0,0.0,-10.988251554941254,14.184397163120565,7.333333333333325
2026-09-06,1025951,ecovacs deebot t30c,,05,23589.0,0.0,-10.474780826596831,-17.25770809218141,-14.31205537731901
2026-09-06,1026029,casper nirvana s100 255h bx00a g f,,08,59169.03,0.0,-0.08448293505503024,-0.08448293505503024,-1.0204081632653073
2026-09-06,1026122,fakir robert rs 800,,05,18300.0,0.0,0.0,-2.1390374331550777,22.008133875591707
2026-09-06,1026269,samsung galaxy tab s11 ultra,,08,78400.0,0.0,8.588686416234005,12.161833502625207,7.713791267159342
2026-09-06,1026450,colorful cvn b850m gaming frozen v14a,,08,28239.93,0.0,0.0,0.0,0.0
2026-09-06,1027081,phixi qch220,,08,483.2,0.0,11.354365911552545,11.354365911552545,11.354365911552545
2026-09-06,1027337,acura ac 933,,06,970.47,0.0,,,
2026-09-06,1027346,gigaset pure 100,,08,1819.09,0.0,,,
2026-09-06,1027359,everyway ev 906,,06,9504.0,0.0,0.0,15.902439024390237,22.98136645962734
2026-09-06,1027599,voit trendfit,,09,14990.0,,4.705897966582118,4.832505769634232,3.450655624568677
2026-09-06,1027604,voit i cycle,,09,39890.0,0.0,0.0,0.0,0.0
2026-09-06,1027613,hattrick cardiocruise,,09,25492.5,0.0,-6.25,-6.25,-6.25
2026-09-06,1028963,xiaomi watch s4 41mm deri,,08,8499.0,0.0,-15.001500150015001,-15.001500150015001,-15.001500150015001
2026-09-06,1029007,sinbo sbs 4472,,13,367.08,0.0,0.0,0.0,2.2222222222222143
2026-09-06,1029049,hunter bayview,,05,44805.0,0.0,-5.434782608695654,-5.434782608695654,-5.434782608695654
2026-09-06,1029855,stechend sx12 2x2 0ah,,05,7100.0,0.0,0.0,0.0,-3.4722788699458884
2026-09-06,1029882,vanti kcf295,,05,1452.0,0.0,0.6655574043261225,1.071975497702926,1.8661428370983613
2026-09-06,1030086,belkin wia007,,08,1370.04,0.0,-3.7927039078684,-3.7927039078684,-3.7927039078684
2026-09-06,1030449,hepu hp s11,,09,1662.5,0.0,0.0,,-5.000000000000004
2026-09-06,1030559,karcher fcv 3,,05,19799.1,0.0,19.278872221218137,16.815741341672073,19.827295598930704
2026-09-06,103107,cvs dn 7103 turbo,,13,848.0,0.0,0.0,0.0,0.0
2026-09-06,1031319,seg kmh 90m10,,05,16299.0,0.0,9.396603798912672,9.396603798912672,8.667244482965542
2026-09-06,1031368,dji mini 5 pro fly more combo plus,,09,61180.0,0.0,-1.3066623648975595,-1.3209890482104525,-2.8719300195272135
2026-09-06,1031578,apple ipad pro 13 m5 wi fi plus cellular nano texture cam 16 gb 2048 gb,,08,139499.0,2.673451848050723,-5.046821441684102,-10.909028205318162,1.862750825130699
2026-09-06,1031775,tp link uh9120c,,08,2000.93,0.0,-13.484520927014875,-13.484520927014875,3.99465715904308
2026-09-06,1031784,gravastar mercury v75 pro he,,08,13349.0,0.0,-1.1111934217349462,-1.1111934217349462,-1.1111934217349462
2026-09-06,1031845,ugreen cm498,,08,2599.0,4.798387096774204,0.3862495171881086,1.9615535504119208,1.1095204008589876
2026-09-06,1032014,beko 6620 gg,,05,14999.0,0.0,0.0,0.0,0.0
2026-09-06,1032069,xaser cool 600w siyah,,08,3850.0,0.0,0.0,0.0,0.0
2026-09-06,103267,schafer teepoint,,05,4324.14,0.0,-6.9891397634365475,73.96345437429095,37.47067238912734
2026-09-06,1033123,hifuture musicbox 100,,09,6578.0,0.0,2.9904493502426854,-23.644805571677306,-15.793300587705916
2026-09-06,1033132,logitech g pro x superlight 2 se,,08,4890.0,1.2632014909919276,1.6843418590143378,1.8962283809127012,-2.180436087217441
2026-09-06,103316,microlife bp 3as1 2,,06,968.0,0.0,7.567507500833437,17.347557279670255,14.705533831022644
2026-09-06,103327,mesilife hl158ra,,06,950.0,0.0,0.0,0.0,0.0
2026-09-06,103328,medisana mts 51152,,06,1707.02,0.0,-1.114548214058142,-1.143181449651376,-51.214061160331525
2026-09-06,1033313,polosmart pbs227,,08,169.15,0.0,,,
2026-09-06,1033342,grundig gpdh 10874,,05,25759.08,0.0,2.2222222222222365,2.0807623993323254,5.401271571001498
2026-09-06,1033593,rainwater rnw 3100,,05,119950.0,0.0,0.0,0.0,0.0
2026-09-06,1034644,polar grit x2 pro titan,,08,56799.9,0.0,0.0,0.0,0.0
2026-09-06,1034940,karaca merope 53 parca platin,,05,15299.15,0.0,-14.141414141414133,-15.000000000000002,-18.95005350653204
2026-09-06,1034992,preo pr1d 2600w,,05,1959.02,0.0,0.0,0.0,0.0
2026-09-06,1035650,general home ef 981,,13,158.09,0.0,-3.160796324655435,-3.160796324655435,0.5789540654027148
2026-09-06,1035772,palit geforce rtx 5060 infinity 2 oc,,08,20929.91,0.0,7.020043974024648,7.020043974024648,15.18937809576224
2026-09-06,1035841,onvo ovtst06,,05,2819.86,0.0,-5.973324441480488,-2.7299068644360047,-1.317235345581802
2026-09-06,1036466,nokia 105 classic,,08,2386.6,0.0,2.6905385810237936,6.971094586902238,11.624034760321212
2026-09-06,1036478,brother hl l9430cdn,,08,44000.0,0.0,0.0,0.0,0.0
2026-09-06,1036588,alcatel 1041,,08,3197.0,0.0,-8.657142857142851,14.219364058592365,14.219364058592365
2026-09-06,1037146,klipsch gig xl,,09,11399.1,44.116546391491894,16.73437453596984,7.955223456544602,7.955223456544602
2026-09-06,1037324,pirantech es 07 panda,,05,3324.05,5.555555555555558,10.838612870956998,33.01520608243298,33.01520608243298
2026-09-06,1037338,pirantech kt 703,,05,3299.0,0.0,0.0,0.8190208422468093,0.10013047304062717
2026-09-06,1037397,pirantech cb702,,05,2991.55,0.0,-4.999999999999993,-4.999999999999993,-4.999999999999993
2026-09-06,1037653,vestfrost vfr 11140,,05,22944.5,0.0,0.0,0.0,0.0
2026-09-06,1037804,bosch gbh 185 li 0611924021,,05,14496.0,0.0,-0.542024013722131,-1.2870275791624142,-0.6905623150279427
2026-09-06,1037916,casper excalibur g880 240h cf60x c,,08,83807.03,0.0,-0.15967156002080207,-0.15967156002080207,-1.0204081632653073
2026-09-06,1038105,machenike kt68,,08,17643.2,0.0,0.0,0.0,0.0
2026-09-06,1038673,hainoteko rw 58,,08,2499.0,0.0,0.0,0.0,
2026-09-06,1038881,transformers tf y01,,09,385.0,0.0,7.212475633528248,7.212475633528248,7.212475633528248
2026-09-06,1039140,philips oneblade qp2520 90,,13,2849.05,0.0,0.0,0.0,0.0
2026-09-06,1039521,asus rog strix oled xg32ucwg,,08,44522.03,0.0,-1.375583949763215,-0.3692123574138506,-1.9316945307165434
2026-09-06,1040045,beko 670477 eb ai,,05,38915.08,0.0,-2.147273896295676,-1.1279746660487588,1.0807553442946594
2026-09-06,1040080,ultimea poseidon d60,,09,27232.22,0.0,-2.19780219780219,-2.19780219780219,-2.19780219780219
2026-09-06,1040561,vestel kmi 108402 ms wifi,,05,35879.08,0.0,5.3799178555987925,4.00034783616916,3.3264600852436432
2026-09-06,1041750,nestello mono 3400w,,05,4450.0,0.0,0.0,0.0,0.0
2026-09-06,1042660,ferre sc206 fa flameart,,05,9198.42,0.9262672811059858,0.0,-1.0989578125352728,0.0
2026-09-06,1043203,lenovo loq 15ahp10 83jg006ftr 24gbram 1tbssd fdos,,08,66199.0,0.0,-5.428648980699724,-11.188773662109764,-18.5934406473272
2026-09-06,1043308,ugur ues 680 d2k nf dgt,,05,46271.1,0.0,0.0,0.0,-7.14413288087159
2026-09-06,1043331,kaizer germany kg krz 240 ant,,05,38196.6,0.0,0.3317546749040501,0.7366030809155655,1.5305362990685856
2026-09-06,1043475,lenovo thinkbook 16 g8 irl 21sh009gtxa48,,08,105959.29,0.0,,,
2026-09-06,1043673,bosch poh7c6p31o,,05,16915.8,0.0,0.9898507462686501,0.9898507462686501,13.315157320757498
2026-09-06,1043768,viewsonic xg2737,,08,40659.0,0.0,,,1.472460006488796
2026-09-06,104431,braun silk epil 3 3321,,13,2235.1,0.0,0.0,0.0,0.0
2026-09-06,1044374,yasomi i5 siyah,,09,11819.38,0.0,-1.496958079839994,-1.496958079839994,-3.7595980816050756
2026-09-06,1044886,gigabyte b840m h,,08,4199.0,0.0,-3.003003003003002,-3.1149053991693543,1.8112164488519156
2026-09-06,1044985,samsung ar40 12,,05,22528.25,0.0,-9.883395335813427,-12.348260835732628,-18.076111858613043
2026-09-06,1045112,wmark ng 1209,,13,1179.22,0.0,-4.426830059002784,-15.709792709077908,-1.0314642764223558
2026-09-06,1045254,dyson spot plusscrub ai,,05,47798.0,0.0,0.6294869365670808,-2.8495934959349545,-2.251579786907709
2026-09-06,1045271,dyson v8 cyclone,,05,16927.08,0.0,-4.253181741048695,-3.268301045774036,-3.118818681318669
2026-09-06,1045399,skygo zr288,,08,779.9,0.0,0.2442159383033493,3.9312366737739968,-4.715943799633482
2026-09-06,1045811,asus rog crosshair x870e glacial,,08,90999.09,0.0,0.0,0.0,-0.7420532856890372
2026-09-06,1045891,hoover honcq2t618ewk,,05,31279.08,0.0,-9.553072625698322,-19.793117595774135,-12.430282319859476
2026-09-06,1046190,walke rabbit pro,,09,16999.0,0.0,-8.649224090724184,-8.649224090724184,-8.649224090724184
2026-09-06,1046369,hotpoint ariston 50274 td 640s wh,,05,11569.11,0.0,-0.6696087438074705,-0.6696087438074705,-0.6696087438074705
2026-09-06,1046793,hi level hl43fmln a14s,,09,10499.0,0.0,0.0,-50.0,0.0
2026-09-06,1046826,arcelik kb 9408 b fit 5in1,,05,3451.5,0.0,-2.4200616324107305,-1.6666666666666718,-6.432986337020175
2026-09-06,1047204,asrock b560m hdv m 2,,08,25201.8,0.0,0.0,0.0,0.0
2026-09-06,1047435,yesoul ef25,,09,35999.0,0.0,16.54084222521497,0.0,0.0
2026-09-06,1048123,baseus enerfill fe11,,08,2159.2,0.0,27.08652148322541,23.432230034871093,13.701349650607408
2026-09-06,1048139,fenda fndsackr0003,,13,1449.99,0.0,0.0,0.0,0.0
2026-09-06,1048278,ajazz nj08,,08,899.9,0.0,0.0,0.0,0.0
2026-09-06,1048530,buffer 3d ay tasarimli,,05,443.71,0.0,27.137535816618907,27.137535816618907,-20.307841517295877
2026-09-06,1048706,apple ipad air 13 m4 mh5v4tu a,,08,57329.02,0.0,4.2364770268550345,6.363752068219419,22.47435322267084
2026-09-06,1050063,ttec 2scg30b,,08,485.9,0.0,-8.147448015122883,-8.147448015122883,-13.076923076923086
2026-09-06,1050305,grundig gdh 85,,05,19798.2,0.0,4.75736939854281,4.206537186167703,4.206537186167703
2026-09-06,1050370,fegel fg 11,,09,4990.0,0.0,0.0,-22.85990338164251,-17.160549164135
2026-09-06,1050371,fegel fg 04,,09,7990.0,0.0,0.0,0.0,14.655531160761704
2026-09-06,1051684,yesoul r1,,09,23219.1,0.0,0.0,0.0,1.9763627020830787
2026-09-06,1051846,iromx orenda 500w,,08,3675.55,0.0,-2.221566029805322,-2.221566029805322,-2.221566029805322
2026-09-06,1052238,devialet phantom ii 98 db,,09,140600.0,0.0,1.0638297872340496,0.0,9.195402298850585
2026-09-06,1052456,dreame pm10,,05,21292.1,0.0,0.0,0.0,-0.4064736423593285
2026-09-06,1052553,fakir airtouch,,13,8632.03,0.0,-0.769858604437279,-2.9999999999999916,43.89114852475413
2026-09-06,1052721,torima kidmic 06,,09,1064.79,0.0,7.554545454545458,7.554545454545458,7.554545454545458
2026-09-06,1053126,oneplus nord 6,,08,41134.05,0.0,-0.9810647639955983,,-0.9810647639955983
2026-09-06,1053272,polosmart pbs811,,13,577.9,0.0,0.0,0.0,0.0
2026-09-06,1053289,dji neo 2 fly more combo rc n3,,09,23189.0,0.0,-1.1509442005200543,-1.94511395830691,0.8261228749075977
2026-09-06,1053335,pluzz sarjli tasinabilir beyaz,,13,1599.0,0.0,0.0,,25.0
2026-09-06,1053996,sinbo shd 1708,,13,688.0,0.0,0.0,0.0,0.0
2026-09-06,1053997,madame coco chest buyuk boy valiz,,03,2999.99,0.0,17.647128027953052,17.647128027953052,0.0
2026-09-06,1054068,nippon 1807 orta boy valiz,,03,2133.5,0.0,0.0,0.0,0.0
2026-09-06,1054113,asus tuf gaming f16 fx608jh rv082ep3,,08,104498.95,0.0,9.424015514282313,9.424015514282313,9.181116680158595
2026-09-06,1054196,yasomi ladystyle ls 909,,13,6344.06,0.0,0.7137527583305658,2.17358393325926,-0.39299177747527114
2026-09-06,105450,acura ac 437,,06,590.73,-4.782398452611214,-5.852259144154914,14.749417249417274,6.191015477538708
2026-09-06,1054525,beko cmb 10120 ob,,05,41400.0,0.0,-3.157894736842104,3.725603186931581,3.502587564689108
2026-09-06,105478,freely as 2158,,06,870.0,0.0,0.0,0.0,-3.3333333333333326
2026-09-06,1055330,villemy vme 3004,,13,1042.91,0.0,-3.49502165303327,-4.317550024312588,-15.062792175003647
2026-09-06,1055487,arzum ar5178 sateentouch,,13,5309.0,0.0,0.0,0.0,0.0
2026-09-06,1055556,walke spade pro,,09,10439.13,0.0,0.0,33.8521605334017,33.8521605334017
2026-09-06,1055908,ecovacs deebot t90 omni,,05,31998.96,0.0,6.666755558518611,-11.333204023386633,-7.004205871480296
2026-09-06,1056010,auhma arp 003,,05,13049.13,0.0,-4.395604395604402,-4.395604395604402,-3.3333333333333437
2026-09-06,1056091,deepair cooluxe,,05,17940.0,0.0,-2.127659574468088,-2.127659574468088,-2.127659574468088
2026-09-06,1056270,linkage lbk 06,,08,599.0,0.0,0.0,-7.775211701308704,-7.831974149869203
2026-09-06,1056493,smate kj152,,05,2420.0,0.0,18.627450980392158,21.06053026513257,7.55555555555556
2026-09-06,1056533,asrock b860m livemixer wifi,,08,20236.2,0.0,0.0,0.0,0.0
2026-09-06,1056547,monster aryond a27f v1 beyaz,,08,11499.0,0.0,0.0,0.0,0.0
2026-09-06,1056815,kurutek hepa plus carbon ht35,,05,5599.0,0.0,-11.53420761573708,-11.53420761573708,-11.53420761573708
2026-09-06,1057089,ape ryder loris,,09,61335.0,0.0,1.716417910447765,19.143356643356647,9.563959200443017
2026-09-06,1057187,xenon smart x7421,,05,28347.3,0.0,,,
2026-09-06,1057495,braun ipl skin iexpert pl7211,,13,22566.65,0.0,-0.28500540184657197,-5.178158746165796,-4.778049706738674
2026-09-06,1058059,walke max pro,,09,29099.0,0.0,-1.7240756257537737,-9.062783211975379,-14.412188593782172
2026-09-06,1058196,phixi s90,,08,1820.8,0.0,28.897069234036543,31.5321823304197,15.74597927658763
2026-09-06,1058468,asus expertbook b1 b1503cva c78g512b4d 022,,08,57590.0,0.0,4.728132387706863,5.807799094892285,7.9671467914503635
2026-09-06,1058558,dijitsu 65dq32000,,09,33598.95,0.0,0.0,0.0,
2026-09-06,1059238,freevier cold tower fls l20ar19,,05,8476.88,0.0,-2.127659574468088,-2.127659574468088,-2.127659574468088
2026-09-06,1059519,corby cx201 orion,,09,4497.0,0.0,0.0,11.064460360582862,-10.042008401680336
2026-09-06,1059737,kaira dtxr71a,,05,47690.0,0.0,-9.79761679591451,0.22487022676165314,0.21012817818868434
2026-09-06,1059738,electrolux ep72ub21sw,,05,16850.0,0.0,-3.9886039886039892,-3.9437777515547223,-5.860662606849543
2026-09-06,1059787,lenovo thinkbook 16 g8 ial 21sk007utx 24gbram 1tbssd w11p,,08,70969.04,0.0,2.7211262452047302,0.4743324744457267,2.59517106606455
2026-09-06,1059854,nacar nc34 39b840 cwms,,03,6291.6,0.0,-5.61797752808989,-9.677419354838701,-5.61797752808989
2026-09-06,1059942,arzum ar1210 blanco mini pro,,05,2499.0,0.0,-3.8476337052712584,-3.8476337052712584,-3.8476337052712584
2026-09-06,1060066,ugreen w758 25w,,08,2879.2,0.0,6.666666666666665,6.666666666666665,18.231617677252988
2026-09-06,1060269,yasomi ysm x speed,,09,7742.13,0.0,0.5602026237173652,7.408748491280637,7.408748491280637
2026-09-06,1060436,beko sm 5670,,05,11123.1,0.0,-2.846536815442391,-2.846536815442391,-10.586300365593681
2026-09-06,1060455,beko dm 5644 s creammix,,05,7395.0,0.0,7.189447746050148,-1.6399984038945048,-11.98419405134552
2026-09-06,1060466,nimomed me 3g40s,,05,1633.14,0.0,-3.884883618279722,-8.640635488923687,-8.640635488923687
2026-09-06,1060927,kiwi kt 6533,,05,1799.0,0.0,0.0,0.6653199858990266,0.0
2026-09-06,1061045,sinbo sf 7704,,05,934.9,0.0,-3.209441971218552,-9.585013684587196,1.3002492144327693
2026-09-06,1061184,arcelik ek 6521,,05,3303.0,0.0,-15.109614742090516,-15.109614742090516,-10.24700415749572
2026-09-06,1061211,samsung 50m70h,,09,32999.0,0.0,-2.039830030986034,-1.463608362708524,1.3664924441276982
2026-09-06,1061224,awox red slice pro,,05,1419.0,0.0,0.0,0.0,-6.798029556650242
2026-09-06,1061313,xiaomi portable photo printer 1s,,08,4759.0,0.0,2.299866079393631,-2.8378930175581907,5.779062013780845
2026-09-06,1061397,starcom lorenzo lrz 1094,,13,671.49,0.0,-9.999999999999998,-9.999999999999998,-7.954545454545448
2026-09-06,1061620,profitness 1050d,,09,65360.0,0.0,-0.9696969696969648,-0.9696969696969648,2.291223237761364
2026-09-06,1061632,cecotec toast taste 9000 double white,,05,2286.5,0.0,-10.829888464238358,-10.829888464238358,23.15522999030486
2026-09-06,1062323,grundig gpwm 102643,,05,23813.02,0.0,-2.7404835811141948,-2.800032654394058,-0.7749489562065115
2026-09-06,1062447,senocak d 621 df ix,,05,48593.11,0.0,-4.3010752688172005,-4.3010752688172005,-4.3010752688172005
2026-09-06,1063453,arcelik ocd k 752 3 dwkyb,,05,41399.08,0.0,-2.9621121914173543,-2.9621121914173543,4.732496129365216
2026-09-06,1063916,acer aspire go 15 ag15 71p nx j6sey 001 fr43,,08,66451.55,0.0,0.0,2.641271331934436,1.4503473581922943
2026-09-06,1064646,oral b pro 1 easy clean,,13,2249.1,0.0,45.19690122659781,45.19690122659781,66.89298991562964
2026-09-06,1064648,hoover hl eh8n1e,,05,17760.0,8.829931172421901,7.2523352746650005,28.576392910923197,16.16194649748186
2026-09-06,1064688,fabcio mysmile sonic plus,,13,2999.0,0.0,0.0,0.0,0.0
2026-09-06,106492,hyundai bhd2608,,05,3241.65,0.0,0.0,-3.14962041427278,-9.929146985273684
2026-09-06,1064993,altus al 4955 es,,05,5358.68,-0.7486432924005859,-17.20043820410484,-14.56322443838587,-14.929434363639249
2026-09-06,1065050,ugreen nexode uno 100w,,08,3599.0,0.0,0.0,5.884083553986463,12.170796322268984
2026-09-06,1065126,cellularline ach usb c gan plus 100w,,08,2999.0,0.0,0.0,0.0,0.0
2026-09-06,1065393,alpin rigi b 170,,09,2200.0,0.0,0.0,0.0,
2026-09-06,1065450,korkmaz a945 fusion pro mega dijital,,05,6535.14,0.0,-8.586655476290384,-9.22155854979858,-14.22575141094632
2026-09-06,1065801,fakir as 1480 lt,,05,16335.0,11.111111111111116,7.526881720430123,7.526881720430123,11.111111111111116
2026-09-06,1066412,skg ys100,,06,10997.0,0.0,4.740814820106198,4.740814820106198,4.740814820106198
2026-09-06,1066418,skg ks700 e,,06,8997.0,0.0,33.30863831678768,33.30863831678768,33.30863831678768
2026-09-06,1066420,skg ws500,,06,19303.5,0.0,0.0,0.0,
2026-09-06,1066544,hyperice hypervolt 2 pro,,06,35900.0,0.0,8.8208548044862,8.8208548044862,8.8208548044862
2026-09-06,1066553,asus prime h610m f csm,,08,4548.47,0.0,0.3479162530059421,4.873533005925612,21.111673234636296
2026-09-06,1066612,hyperice hypervolt 3 pro,,06,39900.0,0.0,-7.614937205942285,-7.614937205942285,7.866991078669905
2026-09-06,1066644,coral high 16760 grafiti desenli,,03,2974.96,0.0,1.1904923876515427,1.1904923876515427,1.1904923876515427
2026-09-06,1066666,pierre cardin pc m20001,,06,799.0,0.0,0.0,0.0,0.0
2026-09-06,1066667,pierre cardin pc m20002,,06,1199.0,0.0,-7.698229407236335,-7.698229407236335,-7.698229407236335
2026-09-06,1066818,pierre cardin pc m10004,,06,699.0,0.0,-44.76055002370792,-41.51117061333779,-41.51117061333779
2026-09-06,1066845,beurer mg 180,,06,11384.01,0.0,0.0,0.4447836521493498,11.117065200203813
2026-09-06,1066916,beurer mg 195,,06,14552.01,0.0,10.000000000000009,10.000000000000009,12.291825821237579
2026-09-06,1066932,beurer mg 79,,06,5166.81,0.0,0.0,1.3159597623389807,5.319148936170226
2026-09-06,1066955,beurer mg 101,,06,5939.01,0.0,2.414381789963782,2.414381789963782,14.895358150224602
2026-09-06,1066984,asus tuf gaming vg34wql5a,,08,19169.0,0.0,0.0,0.6299543283111886,-10.837713382017766
2026-09-06,106722,delonghi ac100,,05,79719.9,0.0,0.0,0.0,0.0
2026-09-06,1067228,beurer mg 153,,06,9439.5,0.0,3.581998163077871,1.4013245175393818,2.480062012406825
2026-09-06,1067269,iyo rhythm ease,,06,14851.0,0.0,,,
2026-09-06,1067486,asus v440vak i58512b0d,,08,43051.06,0.0,-8.40005106491628,-8.40005106491628,3.7374939759036163
2026-09-06,1068066,fegel fg 866,,06,1980.0,0.0,0.0,0.0,
2026-09-06,1068076,fegel fg 687,,06,1791.0,0.0,0.0,0.0,
2026-09-06,1068172,skygo zr1207,,08,1196.9,0.0,1.6907391673746996,5.7892876082729305,
2026-09-06,1068507,uniden b30,,06,4225.5,0.0,0.0,0.0,
2026-09-06,1068522,skg hs500,,06,20641.5,0.0,,,
2026-09-06,1068561,breo n5 mini,,06,6524.1,0.0,-42.18529841818424,-42.18529841818424,
2026-09-06,1068652,beper p302mas050,,06,17805.2,0.0,0.0,0.0,
2026-09-06,1068986,dearling ladys,,13,1859.9,0.0,0.0,,
2026-09-06,1069029,philips 9000 serisi mg9530 15,,13,23950.4,0.0,,,
2026-09-06,1069327,dijitsu djt 340,,05,16392.03,0.0,,,
2026-09-06,1069336,nacar nc08 39890196 csms,,03,7690.0,0.0,0.0,,
2026-09-06,1069704,king k7103 softcool,,05,3479.13,0.0,-4.959461083733075,,
2026-09-06,1069876,nacar nc33 398387 anms,,03,7490.0,0.0,,,
2026-09-06,1069918,antec p30 argb,,08,4999.0,0.0,,,
2026-09-06,1070580,ezere th 413,,05,1366.06,0.0,,,
2026-09-06,107407,gigaset c530,,08,19999.9,0.0,,,79.21057347670254
2026-09-06,107419,gigaset s850,,08,10119.1,0.0,2.222424260791378,2.222424260791378,-1.075363423957143
2026-09-06,107425,gigaset sl450,,08,11699.1,0.0,0.0,0.0,0.0
2026-09-06,107501,panasonic kx tgh210,,08,5990.0,0.0,0.0,0.0,0.0
2026-09-06,107504,panasonic kx tg6811,,08,3245.0,0.0,0.0,-0.15384615384614886,1.4379493591747394
2026-09-06,107512,panasonic kx tg1611,,08,2380.0,0.0,-3.4482758620689613,-3.6437246963562764,-11.819192293442015
2026-09-06,107513,panasonic kx tgb210,,08,3250.0,0.0,0.0,0.0,0.0
2026-09-06,107515,panasonic kx tg1612,,08,5703.1,0.0,2.2225807029807587,2.2225807029807587,-1.075436679329067
2026-09-06,107546,gigaset a270,,08,1944.0,0.0,3.459286854709953,3.404255319148941,0.8298755186721962
2026-09-06,108584,techfit tf1052,,13,273.42,0.0,-1.9999999999999907,-1.9999999999999907,-1.9999999999999907
2026-09-06,108890,lalique encre noire sport edt 100 ml erkek parfumu,,13,2292.72,0.0,-3.525352409004845,0.0,0.0
2026-09-06,109278,oriflame excite force edt 75 ml erkek parfumu,,13,3807.43,0.0,0.0,-9.346904761904762,-18.716736227490582
2026-09-06,109946,panasonic kx tg1613,,08,8369.1,0.0,1.966818841400797,0.0,0.0
2026-09-06,112978,philips gc3811 70,,05,5400.58,0.0,-7.051615235013687,-13.567210281196484,-17.737036596994383
2026-09-06,114906,etap 4030s,,13,1763.2,0.0,6.925409338993327,6.925409338993327,8.198330878743265
2026-09-06,115064,daikin shira plus ftxm42n,,05,79609.0,0.0,0.0,0.0,0.0
2026-09-06,115259,arcelik ekolojik 12325,,05,26868.0,0.0,8.748709853682236,6.623278701535784,7.927887396362232
2026-09-06,115918,delonghi autentica etam 29 660,,05,24999.0,0.0,0.0,0.0,0.0
2026-09-06,117374,remington sonicfresh total clean,,13,1649.47,0.0,2.134997739924094,2.134997739924094,2.134997739924094
2026-09-06,117835,raks cf 20 sa,,05,4784.13,8.730227272727276,23.557076446281002,22.199999999999996,25.89815789473684
2026-09-06,118163,oral b smart 6 6000n,,13,27153.2,0.0,0.0,0.0,0.0
2026-09-06,118243,amd a6 9500,,08,469.27,0.0,,0.4194217970939995,0.9139391854113832
2026-09-06,118245,amd a8 7650k,,08,53371.4,0.0,0.0,0.0,0.0
2026-09-06,118349,intel core i3 8100,,08,1176.0,0.0,-0.590875662516166,0.25660917825385265,-0.8331365736836904
2026-09-06,118358,intel core i5 8600k,,08,4323.06,0.0,0.0,0.0,8.211764705882363
2026-09-06,118370,intel core i7 6900k,,08,61005.3,0.0,0.0,0.0,0.0
2026-09-06,118371,intel core i3 6100,,08,576.03,0.0,,,
2026-09-06,118375,intel core i5 6600,,08,2720.9,0.0,-8.999999999999996,,
2026-09-06,125007,samsung e2121,,08,1649.0,0.0,0.0,0.0,0.0
2026-09-06,125045,hiking x11,,08,2200.0,-23.617211125500393,-2.2178763500600107,-2.2178763500600107,-2.2178763500600107
2026-09-06,125412,beko bkk 2116 tea party,,05,4043.0,-5.490791020806995,,0.0,-79.89517444404662
2026-09-06,127314,breville vst072,,05,10101.6,0.0,-4.166666666666652,-40.575327960468265,-40.575327960468265
2026-09-06,128055,kutahya porselen bone iron,,05,5275.6,0.0,0.0,0.0,0.0
2026-09-06,128625,kutahya porselen olympos 9287,,05,27018.0,0.0,0.0,0.0,11.111111111111116
2026-09-06,131437,techfit tf 1057,,13,439.0,0.0,0.0,0.0,3.3184278653801025
2026-09-06,133652,bosch wtr85v0str,,05,128075.64,0.0,11.08889296167015,,
2026-09-06,134547,uppababy minu travel,,13,36279.0,45.69879518072288,45.69879518072288,45.69879518072288,23.907920352471045
2026-09-06,134650,arzum ar856,,06,459.1,0.0,-7.995991983967931,-7.995991983967931,-7.995991983967931
2026-09-06,135239,remington s2412 air plates compact,,13,5158.3,0.0,0.0,12.697996548032586,12.697996548032586
2026-09-06,136526,nokia 106,,08,2599.0,0.0,1.9615535504119208,,
2026-09-06,137477,demirdokum atromix p 20,,05,33120.0,0.0,-2.127659574468088,-2.127659574468088,-2.127659574468088
2026-09-06,140949,vals wh15 q,,05,2300.0,0.0,-7.9999999999999964,-2.127659574468088,-2.127659574468088
2026-09-06,144162,intel core i5 9400,,08,4601.6,0.0,0.0,0.0,0.0
2026-09-06,144496,jabra engage 50 mono,,08,12000.0,0.0,0.0,0.0,0.0
2026-09-06,145764,4 baby eagle,,13,4599.0,0.0,0.0,0.0,
2026-09-06,150759,wmf kitchenminis termos karaf,,05,11899.15,0.0,-8.083441478185648,-3.409718163517117,-1.7341446213356204
2026-09-06,151079,samsung scx 4623f,,08,8550.0,0.0,0.0,0.0,0.0
2026-09-06,152298,asus prime b450 plus,,08,32230.0,0.0,0.0,0.0,0.0
2026-09-06,155644,daikin premix ndj 28,,05,46500.0,0.0,-1.0638297872340385,7.663811067376702,7.663811067376702
2026-09-06,156174,trotec ttk 72 e,,05,21697.8,0.0,-6.451612903225811,-6.451612903225811,
2026-09-06,156207,braun mgk 5045,,13,18174.95,0.0,,,
2026-09-06,156952,syrox syx mc32,,08,599.0,0.0,-23.694267515923563,27.473930623536937,20.569231698234745
2026-09-06,157943,alf ait 04,,05,1278.9,0.0,-4.395604395604391,-4.395604395604391,-4.395604395604391
2026-09-06,158140,microlife bp w90,,06,816.91,0.0,0.0,-31.867389491242704,-31.867389491242704
2026-09-06,158166,smeg linea tsf03pbeu,,05,16000.0,0.0,0.0,0.0,0.0
2026-09-06,158272,braun silk epil 9 9995,,13,23410.0,0.0,0.0,0.0,21.64192172412487
2026-09-06,158285,braun silk epil 7 7885,,13,10750.0,0.0,0.0,0.0,0.0
2026-09-06,160778,hikvision c1 hs tf c1 64g,,08,975.57,0.0,0.0,0.0,2.1539267015706853
2026-09-06,160815,kingston sdcit 16gb,,08,4108.2,0.0,0.2929544455837041,0.6739039870610419,9.156127112339242
2026-09-06,160892,fakir chaizen,,05,2889.81,0.0,-1.3548387096774195,-1.3548387096774195,-1.1402122375253954
2026-09-06,167731,transcend cf220i,,08,13500.0,0.0,0.0,0.0,
2026-09-06,168967,kingston valueram kvr21s15d8 8,,08,2774.59,0.0,0.22721525846187696,0.22721525846187696,0.43110313174166137
2026-09-06,169155,hp m479fnw,,08,35489.09,0.0,0.0,34.43448187038805,34.43448187038805
2026-09-06,169413,goldmaster gm 7176 melisa siyah,,13,4999.0,0.0,60.36930815673141,62.99899898594341,25.006251562890714
2026-09-06,170988,philips qp2520 30,,13,2759.08,0.0,0.0,0.0,2.2222222222222143
2026-09-06,174211,amd ryzen 5 3400g,,08,15342.2,0.0,0.0,6.814245055502033,5.653220652724822
2026-09-06,175589,garmin forerunner 45s,,08,16846.1,0.0,1.6214944532583653,1.6214944532583653,-6.000089278739395
2026-09-06,194462,kl pro klpm2801,,05,5150.0,0.0,0.0,0.09718172983479434,-0.19379844961240345
2026-09-06,194633,rbt dh 850,,05,3851.96,0.0,-29.951627568648842,-29.951627568648842,-29.951627568648842
2026-09-06,200213,intel core i5 9500,,08,4367.09,0.0,0.0,0.0,-1.0869565217391242
2026-09-06,200217,schafer trendy 8 parca celik tencere seti,,05,6949.7,0.0,0.0,0.0,0.0
2026-09-06,201746,sage bta720,,05,16999.0,0.0,0.0,0.0,13.334222281485442
2026-09-06,203363,tcl movetime mt40x,,08,6044.07,0.0,67.54178794178793,67.54178794178793,3.3333333333333215
2026-09-06,326715,etap platinum flat,,13,1873.9,0.0,-1.3243463837181668,-6.025896913834083,-5.262891809908998
2026-09-06,343100,motorola t101,,08,2999.0,0.0,0.0,0.0,5.263157894736836
2026-09-06,365048,vaillant ecotec intro 24,,05,43198.3,0.0,0.0,0.0,1.2143861293345992
2026-09-06,365640,almina dl 2023,,13,1289.1,0.0,0.0,0.0,0.0
2026-09-06,365924,polygold pg 898,,08,421.6,0.0,0.0,0.0,0.0
2026-09-06,368181,hizmetterm elk800,,05,2990.0,0.0,0.0,0.0,
2026-09-06,368578,dodici mh 20 hc,,05,1290.0,35.16770225384285,35.16770225384285,35.16770225384285,35.16770225384285
2026-09-06,370468,thermaltake toughram rgb r009d408gx2 3600c18b,,08,243458.5,0.0,0.0,0.0,0.0
2026-09-06,390145,oral b professional gumcare 2,,13,2168.8,0.0,-1.4181818181818073,14.207477619799903,17.23876966322504
2026-09-06,390146,oral b professional gumcare 1,,13,1719.91,0.0,-2.272843497678856,-14.000200010000496,-1.1494847434637467
2026-09-06,390953,nilfisk easy 20vmax 2in1 mavi,,05,4499.1,0.0,-3.2258064516128893,-3.2258064516128893,0.0
2026-09-06,391996,vzn ty p02,,06,670.5,0.0,0.0,0.0,0.0
2026-09-06,392776,deerma f628s,,05,1798.03,0.0,0.0,-9.108693674111068,-40.165391014975036
2026-09-06,397284,asus rog strix radeon rx 570 oc 8g,,08,9099.09,0.0,0.0,,
2026-09-06,397931,marshall acton,,09,42304.45,0.0,1.0638297872340274,0.0,9.195402298850563
2026-09-06,399423,renz rz 1000,,06,692.77,0.0,,,0.0
2026-09-06,402438,baymak duotec compact 30,,05,35549.0,0.0,-0.5065771060733248,-0.2913929277542415,1.5714734706705924
2026-09-06,403230,arcelik 1038 sps,,05,12711.9,0.0,0.8953020453841942,0.0,6.020850708924108
2026-09-06,403530,bosch rdw1575,,05,16533.0,0.0,-1.63612565445026,0.626902008521002,1.804187192118234
2026-09-06,403560,life net u80 eh,,06,773.91,0.0,0.0,0.0,0.0
2026-09-06,403963,techfit tf 1053 mor,,13,498.75,0.0,0.0,0.0,0.0
2026-09-06,404987,goldmaster hos sohbet,,05,3999.0,0.0,45.84138700665932,34.224808933552175,27.356687898089184
2026-09-06,406906,einhell te cd 18 48 li i solo,,05,2159.0,0.0,0.0,0.0,-1.8636363636363673
2026-09-06,408263,karaca dem keyfi,,05,6999.0,0.0,0.0,0.0,0.0
2026-09-06,412923,diesel fitness spx spining bike,,09,52750.0,-2.314814814814814,-2.314814814814814,0.2851711026615966,-1.4018691588784993
2026-09-06,413701,giorgio armani rose milano edt 100 ml unisex parfumu,,13,12750.0,0.0,-25.0,0.0,-12.06896551724138
2026-09-06,413788,oriflame possess man edt 75 ml erkek parfumu,,13,1139.05,0.0,0.0,0.0,0.0
2026-09-06,414268,goldmaster in 6116 milena,,13,2266.67,0.0,-4.117985465435991,1.6699260800918658,-24.419139713237747
2026-09-06,418102,goldmaster gm 7911w,,05,2999.0,0.0,0.0,0.0,0.0
2026-09-06,421105,gigaset a690a,,08,3059.1,0.0,0.0,0.0,11.711218229623132
2026-09-06,421630,kingston canvas select plus sdcs2 128gb,,08,1394.07,0.0,0.0,7.236153846153837,32.76857142857141
2026-09-06,422921,heifer 558b,,13,797.68,0.0,-2.359968664316503,-3.032955277585314,-8.883431378148387
2026-09-06,424024,grandstream wp820,,08,13800.0,0.0,2.2222222222222143,2.2222222222222143,-1.0752688172043001
2026-09-06,425345,bn 5 24 v 5 ah darbeli,,05,1499.0,0.0,0.0,0.0,0.0
2026-09-06,425696,bay tec mk0010,,05,1178.23,0.0,0.0,0.0,0.0
2026-09-06,426653,voit goldstar,,09,44224.01,0.0,0.0,-0.4502069939206321,-2.211236418168916
2026-09-06,426936,bosch gsr 12v 30 professional 2x2 0ah,,05,6629.15,0.0,0.0,0.0,0.0
2026-09-06,427947,farmasi gaucho edp 100 ml erkek parfumu,,13,4670.0,0.0,0.0,3.777777777777769,12.557242709086536
2026-09-06,429162,denon home 350,,09,55800.0,0.0,0.0,0.0,0.0
2026-09-06,429281,beurer lb 88 siyah,,05,9701.01,0.0,0.0,-1.0000000000000009,5.319148936170226
2026-09-06,441212,trussardi donna edt 100 ml kadin parfumu,,13,2738.17,0.0,-1.1904761904761862,1.4512782512041467,-1.1904761904761862
2026-09-06,443649,caffeo brawi efeli lx 2 gr,,05,150000.0,0.0,0.0,0.0,25.0
2026-09-06,443912,schafer grill chef,,05,2609.1,0.0,-13.001000333444479,-6.784565916398721,-9.660330320972266
2026-09-06,444489,taflan l36009 rc,,05,6250.0,-10.701528789827119,-10.701528789827119,-10.701528789827119,-8.745802306906114
2026-09-06,445283,lexar professional 1667x,,08,4200.76,0.0,0.0,0.0,0.0
2026-09-06,48938,viessmann vitoclima 200 s he hs 9,,05,36000.0,0.0,0.0,0.0,0.0
2026-09-06,49109,bosch comfort condense 30,,05,53400.0,0.0,-3.2608695652173947,-20.88888888888889,-12.454136787952109
2026-09-06,49694,viessmann vitodens 050 w 24,,05,88900.0,0.0,0.0,4.712658570772321,4.712658570772321
2026-09-06,543659,filterqueen majestic,,05,99999.0,0.0,0.0,0.0,0.0
2026-09-06,546509,cvs dn 1743,,13,629.1,0.0,-9.999999999999998,-9.999999999999998,2.2727272727272707
2026-09-06,547115,frederic malle carnal flower edp 100 ml unisex parfum,,13,16042.5,0.0,0.0,0.0,33.333388741733394
2026-09-06,553539,leelvis gxg01,,06,365.0,0.0,0.0,0.0,0.0
2026-09-06,555728,frisby fk 4835qu,,08,544.5,0.0,0.0,0.0,0.0
2026-09-06,555791,lava trendy demir dokum yuvarlak tencere 32 cm,,05,4714.1,0.0,0.0,0.0,0.0
2026-09-06,555941,trina trnsacks0003,,13,2405.32,0.0,0.05449228580580723,-4.928063241106717,4.0813500649069745
2026-09-06,558631,intel core i5 10600kf,,08,18425.0,0.0,0.0,0.0,0.0
2026-09-06,56098,umit 1202 z trend 12,,09,5999.0,0.0,0.0,0.0,0.0
2026-09-06,561526,david walker e151 edp 50 ml erkek parfumu,,13,1000.0,0.0,-9.090909090909093,-9.090909090909093,-9.090909090909093
2026-09-06,563242,asus rog strix b550 f gaming,,08,31392.49,0.0,0.0,0.0,-1.0869489870959925
2026-09-06,563299,medcore jrt 017 temassiz,,06,412.0,0.0,11.111111111111116,0.0,0.0
2026-09-06,563976,msi optix g32c4,,08,16762.6,0.0,0.0,0.0,0.0
2026-09-06,566347,dior jadore in joy edt 50 ml kadin parfumu 2,,13,5415.0,0.0,0.0,0.0,0.0
2026-09-06,566348,vestel desibel k650,,08,915.0,0.0,-1.0810810810810811,-2.61813537675607,-2.61813537675607
2026-09-06,568734,raks sera,,13,721.5,0.0,0.0,0.0,0.0
2026-09-06,570129,taflan fl 650,,05,7734.9,0.0,-9.00010588359863,-9.00010588359863,-9.00010588359863
2026-09-06,570327,raks pf 56 kosta,,05,2990.0,0.0,-7.401672344379062,-7.687557888237107,-12.970078006752816
2026-09-06,573160,sunphor bz r6,,06,1999.0,0.0,0.0,0.0,0.0
2026-09-06,574826,xiaomi inface zh 01d,,13,1787.0,0.0,0.0,-2.4563318777292564,-7.752982412669896
2026-09-06,575491,vestel retro,,05,1764.0,0.0,-4.130434782608694,-0.09345000424773042,10.284463894967178
2026-09-06,576410,viessmann vitoclima 200 s he dynamic 12,,05,99555.0,0.0,0.0,0.0,
2026-09-06,576598,vorcom sx pro,,08,4619.8,0.0,-5.699122269850987,-5.699122269850987,-1.6854649925515997
2026-09-06,57679,airfel lvq140u,,05,140549.0,0.0,0.0,0.0,0.0
2026-09-06,583234,motorola t401 plus,,08,1885.1,0.0,2.223306762106181,-0.211741040707214,-1.0757766582703665
2026-09-06,583385,profilo ss1162,,05,7273.0,0.0,0.0,0.0,-0.3425596053713398
2026-09-06,585767,mesilife as 55a,,06,556.75,0.0,-9.33886989089725,-4.631802531732299,7.211631041787037
2026-09-06,58599,bosch bgs4u332s,,05,17999.1,0.0,-3.2258064516129115,-10.000000000000009,0.0
2026-09-06,586187,fakir tastea,,05,2174.1,8.699565021748912,6.9141873616916705,-8.991205120369706,-2.0719787396964118
2026-09-06,589680,arcelik 274580 edi,,05,48330.0,0.0,0.0,0.0,10.569663692518883
2026-09-06,589773,hattrick builder,,09,8990.0,0.0,0.0,0.0,0.0
2026-09-06,591176,airfree orb,,05,1999.0,,0.0,0.0,0.0
2026-09-06,594771,yatas bedding baby blue star 80x130 cm,,05,6959.0,0.0,0.0,0.0,0.0
2026-09-06,596649,aoc c27g2ze bk,,08,44430.0,0.0,0.0,0.0,0.0
2026-09-06,599057,fonsan ondulux m601c 32 mm,,13,1881.5,0.0,59.518096804551114,55.42521994134897,67.88314654864729
2026-09-06,610528,philips d1601b 01,,08,3634.0,0.0,2.2222222222222143,2.2222222222222143,
2026-09-06,610877,tefal pro express gv9230,,05,11839.0,0.0,-2.0683197342386217,-2.0683197342386217,-2.0683197342386217
2026-09-06,611803,beurer lr 500,,05,114379.0,0.0,,,
2026-09-06,612722,amd ryzen 7 5800x,,08,12776.75,0.0,-4.221545888649835,-4.221545888649835,-0.25239907940304285
2026-09-06,613098,oral b d100 pixar,,13,1750.0,0.0,-8.172635445362719,,-30.665335441107132
2026-09-06,614133,bosch ergomixx ms6cm4150,,05,4858.65,0.0,3.642355852300594,3.642355852300594,3.642355852300594
2026-09-06,614701,dell s2721hs,,08,17745.0,0.0,26.75905421815843,77.46774677467747,-1.4111895105283656
2026-09-06,619743,heyner biobed 100x190,,05,4423.2,0.0,3.8892712108436367,3.8892712108436367,3.8892712108436367
2026-09-06,620035,saubern bnt9608,,06,1577.95,0.0,-1.1235180590019378,0.0,-2.222070751823324
2026-09-06,62033,vaillant ecotec pro vuw 236 5 3,,05,60210.15,0.0,-1.9362693203472392,-1.9362693203472392,-1.6082380221687287
2026-09-06,62199,siemens tb402410,,05,4323.08,0.0,-1.0752688172043001,-2.11680104696631,0.0
2026-09-06,622090,heyner cift yonlu 100x200,,05,3694.2,0.0,0.0,0.0,0.0
2026-09-06,622760,vestel bma 6402 x wifi,,05,26892.32,0.0,1.1111111111111072,0.0,-4.343817494216307
2026-09-06,623054,dijitsu dbd200,,05,14999.0,0.0,3.806491798740397,4.840237290244387,2.8801503522165373
2026-09-06,623240,porland deluxe 15 parca celik tencere seti,,05,12368.8,0.0,0.0,0.0,-2.2229249011857743
2026-09-06,624837,voit 118d redline,,09,17091.0,0.0,0.0,0.0,5.558643690939413
2026-09-06,626214,hagel air wifi 40,,05,41073.1,0.0,0.12969314893502837,6.327937517959459,8.73695162404793
2026-09-06,626728,chloe signature rose tangerine edt 75 ml kadin parfumu,,13,7848.0,0.0,14.240796541333678,14.240796541333678,14.240796541333678
2026-09-06,628899,silverlit tooko ilk uzaktan kumandali dronum,,09,3190.0,0.0,0.0,17.647058823529417,17.647058823529417
2026-09-06,629740,beurer bf 410,,13,4499.1,0.0,-3.865384615384604,-3.865384615384604,2.272727272727293
2026-09-06,630140,polosmart pssw08,,08,995.0,0.0,11.111111111111116,11.111111111111116,11.111111111111116
2026-09-06,630313,hoover hl c9lg 17,,05,17285.45,3.598741384477089,5.850887936313542,6.208602150537645,10.609182530795081
2026-09-06,63615,alarko seradens super plus ssp 28,,05,63282.0,0.0,0.0,0.0,0.0
2026-09-06,637258,heyner organic cotton 80x170,,05,3099.5,0.0,0.0,0.0,0.0
2026-09-06,63766,laurastar liftplus ultimate black,,05,39999.0,0.0,0.0,0.0,6.8524021554805525
2026-09-06,638344,intel xeon silver 4214r,,08,5114.1,0.0,0.0,0.0,0.0
2026-09-06,639268,alfais 4399,,08,299.9,0.0,0.0,0.0,0.0
2026-09-06,639344,dark dk ac usb24,,08,416.0,0.0,0.26512412629549065,0.6045949214026569,1.2411779021659797
2026-09-06,642444,panasonic kx tgb610,,08,3080.0,0.0,0.0,10.39426523297491,5.2991452991453025
2026-09-06,644490,intel xeon silver 4114,,08,32850.0,0.0,0.0,0.0,0.0
2026-09-06,647231,ugreen 20265,,08,1424.1,0.0,11.11024420691269,11.11024420691269,44.06676783004551
2026-09-06,648195,bosch gsv33vwe0n,,05,23999.0,-0.12900540990428144,-2.323972323972323,0.803944958752667,2.0210359137512235
2026-09-06,648782,korkmaz asiyan collection a8548,,05,33999.15,0.0,0.0,0.0,0.0
2026-09-06,650681,profilo df1033levv,,05,24946.02,0.0,11.316465863453807,10.09320799682245,8.896542692509168
2026-09-06,654430,maxi cosi dolphin 90x190,,05,3857.43,0.0,0.0,0.0,42.39786482385905
2026-09-06,655127,intel xeon e5 2630,,08,13791.72,0.0,0.3315110048995429,0.736695868630588,1.567808124853176
2026-09-06,656853,narciso rodriguez musc noir edp 100 ml kadin parfumu,,13,8075.0,0.0,9.978862266967404,9.978862266967404,13.380276746161556
2026-09-06,657032,artimed as 55a,,06,581.4,0.0,0.0,0.0,2.5252169006136693
2026-09-06,66330,kumtel ks 2819,,05,567.08,-17.70476577465606,-7.03606557377049,-2.2376995483225692,7.896038662049554
2026-09-06,664104,homend royaltea 1731h,,05,2479.0,0.0,0.0,0.0,0.0
2026-09-06,664431,msi mpg z590 gaming carbon wifi,,08,59950.0,0.0,0.0,0.0,0.0
2026-09-06,664619,lenovo legion m300,,08,3548.09,0.0,0.0,0.0,-1.0869565217391242
2026-09-06,66798,conti teamate ctm 106,,05,3536.84,48.488181703681946,22.055540026158415,22.055540026158415,
2026-09-06,67296,remetta tostcu plus,,05,1755.0,0.0,-3.2258064516129004,0.0,0.0
2026-09-06,674284,intel core i9 11900f,,08,49838.0,0.0,0.0,0.0,0.0
2026-09-06,676678,gazzella st ua 1000,,05,10999.0,0.0,0.0,0.0,0.0
2026-09-06,676679,oneplus watch,,08,6999.0,0.0,0.0,0.0,0.0
2026-09-06,677023,power boost vk g3903s,,08,4573.0,0.0,0.33129291998508226,0.7357476429641352,-19.509984246979208
2026-09-06,677077,arcelik 2071 mi,,05,25199.0,0.0,5.461180793585041,0.0,0.0
2026-09-06,677973,zwilling enfinigy 53009,,05,6525.0,0.0,-9.999999999999998,-9.999999999999998,-9.999999999999998
2026-09-06,678079,arnica violet 2800w,,05,2748.16,0.0,-10.77402597402598,-10.77402597402598,-12.143222506393869
2026-09-06,678330,altis vision plus v2,,09,39990.0,0.0,0.0,0.0,0.0
2026-09-06,680006,karcher fc 7,,05,14697.0,0.0,-4.794109244824307,0.0,0.0
2026-09-06,682035,mf product atlas 0650,,09,5999.0,0.0,0.0,0.0,
2026-09-06,682428,altus al 445 nx,,05,16349.0,1.8166192323740615,-0.30489664003903183,2.2112745619025542,2.231726915164356
2026-09-06,682578,ersag lilyum edp 100 ml kadin parfumu,,13,1826.64,0.0,0.0,0.0,0.0
2026-09-06,682594,heyner shadow 160x200,,05,6707.92,0.0,0.0,0.0,0.0
2026-09-06,68318,beko bkk 2110 ic,,05,16328.87,0.0,-10.000005511709897,0.0,0.0
2026-09-06,684068,tefal magic tea xl bj561dtr,,05,3750.0,0.0,-3.821492690433448,-8.909832879906732,-4.458598726114649
2026-09-06,684630,the merchant of venice vinegia 21 edp 100 ml unisex parfum,,13,11192.0,0.0,-5.882352941176472,-5.882352941176472,-13.90769230769231
2026-09-06,686525,utca ampul led isikli,,05,399.0,0.0,0.0,0.0,0.0
2026-09-06,688472,altus al 355 bs,,05,27599.08,0.0,0.0,-2.664884481232388,-1.470776186263567
2026-09-06,691547,ugur uss 220 dtk,,05,37765.0,0.0,0.0,0.0,0.0
2026-09-06,692374,arcelik hp ultra hijyen plus prosmart 09560,,05,34045.2,0.0,0.6658781785925383,-3.6422969481010203,-3.6422969481010203
2026-09-06,69455,goldmaster elena max gm 7239,,05,4365.07,18.00420645133385,9.154038509627394,1.5368690393114504,18.116285173870317
2026-09-06,69740,group sr 1700,,05,2800.0,0.0,0.0,0.0,0.0
2026-09-06,698373,bosch climate 3000i 70 we,,05,70682.8,1.1167609126813804,3.314951367304886,0.48877578583716996,12.376864129225096
2026-09-06,699244,braun silk epil 5 5505,,13,8372.1,0.0,0.0,0.0,0.0
2026-09-06,700734,hp enterprise m406dn,,08,21840.0,0.0,0.0,-8.999999999999996,-8.999999999999996
2026-09-06,701367,lenovo tab p11 za7r0223tr,,08,20425.0,0.0,0.0,0.0,0.0
2026-09-06,702690,ticwatch e3,,08,53394.5,0.0,1.6217378726514076,1.6217378726514076,-5.999901412963493
2026-09-06,702781,aryildiz cipso,,05,2274.0,0.0,0.0,0.0,
2026-09-06,703602,intel core i5 4440,,08,954.59,0.0,0.0,-39.39111111111111,
2026-09-06,706308,ally 230,,08,461.2,0.0,-37.888867939774286,,-34.893701120867334
2026-09-06,707000,diamond baby london pratik baston,,13,3639.9,0.0,0.0,0.0,0.0
2026-09-06,708101,p c parrot steel 70x190,,05,3246.68,0.0,0.0,0.0,0.0
2026-09-06,710422,norfolk venice pratik baston,,13,2294.91,0.0,0.0,0.0,0.0
2026-09-06,715687,chicco smart touch dijital,,06,779.0,0.0,0.0,0.0,0.0
2026-09-06,715870,kitchenaid classic 5khbv53,,05,3706.85,0.0,3.1413903921868824,52.1095955616834,48.781045804100366
2026-09-06,716613,vestel cmi 87202 wifi,,05,26928.4,0.0,0.0,-8.021274204770535,-2.078545454545444
2026-09-06,717585,fakir fauna,,05,17782.2,0.0,0.0,0.0,0.0
2026-09-06,721640,midilife smartbed 90x170,,05,5988.0,0.0,0.0,0.0,1.9928461931527863
2026-09-06,722494,sarftech a2 7 led,,05,821.39,0.0,,,
2026-09-06,722977,remington pg2000 g2,,13,2493.14,0.0,-14.000000000000002,-14.000000000000002,53.45894142050804
2026-09-06,723337,xfx speedster swft 210 radeon rx 6600 core,,08,14559.09,0.0,0.0,,
2026-09-06,723652,my valice lotus abs kabin boy ve orta boy 2li valiz seti,,03,2575.0,0.0,3.8725292456635696,-5.850091407678248,3.0412164865946334
2026-09-06,724002,carrera no532,,13,3699.0,0.0,0.0,0.0,0.0
2026-09-06,724300,amd ryzen 5 pro 5650g,,08,11279.06,0.0,-6.000000000000005,-6.000000000000005,0.0
2026-09-06,724670,digitus da 70222,,08,2258.0,0.0,2.088334893141819,2.088334893141819,2.088334893141819
2026-09-06,724673,digitus da 70255,,08,1630.0,0.0,0.0,0.0,0.0
2026-09-06,725347,electrolux e7t1 6bp,,05,2042.24,0.0,-13.974726200505472,-14.010947368421057,-19.24713325425069
2026-09-06,726477,kumtel hc 2947 2500w,,05,1800.89,0.0,-21.673190675017384,-21.673190675017384,-21.673190675017384
2026-09-06,728176,intel core i9 12900kf,,08,20679.06,0.0,-21.586407895106053,-21.586407895106053,-22.438730187783317
2026-09-06,730365,kutahya porselen inci bone olympos 11379 altin,,05,20828.7,0.0,0.0,0.0,0.0
2026-09-06,731148,dell latitude 5520 n014l552015emea u,,08,53479.0,0.0,0.0,0.0,-0.9611467091373727
2026-09-06,731772,altus al 91 yb,,05,17791.1,0.0,-11.00000000000001,-11.00000000000001,-11.00000000000001
2026-09-06,732394,ojuvi oud amber harmony edp 70 ml unisex parfum,,13,2185.0,0.0,0.0,4.056042632022594,0.0
2026-09-06,732624,remington s8901 hydraluxe,,13,3122.9,0.0,1.5940661700120318,4.213733427216582,8.437792978922886
2026-09-06,733733,altus al 81 ic,,05,17444.0,0.0,-4.3010752688172005,-4.3010752688172005,-4.3010752688172005
2026-09-06,734184,bood te 25,,08,399.9,0.0,0.0,0.0,0.0
2026-09-06,734794,chicco natural feeling 00080623000000,,13,689.0,0.0,-0.5757658840675917,6.327160493827155,6.016310201569475
2026-09-06,734836,philips avent natural scd301 01 baslangic biberon seti,,13,3250.0,0.0,0.0,0.0,0.0
2026-09-06,735247,mamajoo mmj 4425 cam,,13,2415.0,0.0,0.0,0.0,0.0
2026-09-06,735301,tommee tippee 42252185 closer to nature mavi biberon seti,,13,2199.37,0.0,0.0,0.0,0.0
2026-09-06,735524,lansinoh natural wave cam 160 ml,,13,699.9,0.0,-8.16286362861005,12.16346153846153,-0.4409672830725464
2026-09-06,735530,lansinoh natural wave pp 240 ml,,13,548.32,0.0,-4.626730675572233,-0.0018237192931258583,2.3137781758471476
2026-09-06,735805,wee baby 137 klasik plus kulplu pp 150 ml,,13,259.9,0.0,0.0,0.0,0.0
2026-09-06,736165,sunny sn7rbt02 hero power,,05,12999.0,0.0,0.0,0.0,0.0
2026-09-06,736251,babytime bt077 genis agiz kulplu 250 ml,,13,299.0,0.0,0.0,0.0,0.0
2026-09-06,736267,babytime bt074 cam 125 ml,,13,225.0,0.0,0.0,0.0,0.0
2026-09-06,736523,philips avent antikolik 125 ml,,13,679.36,0.0,14.178151260504212,15.539379921427244,21.31428571428571
2026-09-06,736642,comotomo antikolik silikon biberon seti yesil,,13,2321.91,0.0,-2.2728133641425785,-2.2728133641425785,-1.1494693283267576
2026-09-06,736818,sbs 37393,,08,184.0,0.0,-48.16901408450705,,-48.16901408450705
2026-09-06,737012,heyner coffee bamboo pedli 80x190,,05,5795.08,0.0,0.0,0.0,0.0
2026-09-06,737022,bambino be 016 cam kulplu 225 ml,,13,550.0,0.0,,,0.0
2026-09-06,737043,bambino be 818 genis agizli kulplu 250 ml,,13,216.4,0.0,0.0,0.0,1.816128728709887
2026-09-06,737155,bebedor b 76302 desenli kulplu 125 ml,,13,184.5,0.0,0.0,0.0,2.2727272727272707
2026-09-06,737169,ukinox rubix 5,,05,7347.2,0.0,0.0,0.0,0.0
2026-09-06,737212,ugreen 50997 1 m,,08,269.0,0.0,-3.584229390681004,-10.108604845446955,-15.408805031446537
2026-09-06,737345,altis kk450 pro,,09,12742.5,7.14285714285714,0.0,0.0,0.0
2026-09-06,737434,hanymish 400 cam biberon 240 ml,,13,227.81,0.0,-2.273604735961565,-2.273604735961565,-1.1498741647140487
2026-09-06,737435,hanymish 402 cam biberon 240 ml,,13,320.0,0.0,0.0,0.0,0.0
2026-09-06,737438,hanymish 434 kulplu pp 125 ml,,13,220.9,0.0,0.0,0.0,0.0
2026-09-06,737670,dlc heattube dikey 1200w,,05,3679.08,0.0,-2.127659574468088,-2.127659574468088,-2.127659574468088
2026-09-06,737674,dlc trendyheat 2000w,,05,5519.08,0.0,-7.9999999999999964,-2.127659574468088,-2.127659574468088
2026-09-06,739136,electrolux eat3300,,05,6890.0,0.0,0.0,0.0,0.0
2026-09-06,740823,isbir troia 140x190 cm,,05,41431.0,0.0,10.01327668613914,10.01327668613914,10.01327668613914
2026-09-06,741786,dr browns db9100,,13,870.21,0.0,2.0618556701031077,2.0618556701031077,3.125
2026-09-06,742084,everest sm 833,,08,200.0,0.0,0.0,0.0,0.0
2026-09-06,742808,intel core i9 12900f,,08,54346.9,0.0,0.0,0.0,0.0
2026-09-06,743025,hytech hy x230 1 2 m,,08,111.49,0.0,2.7557603686635845,3.2028140331389343,1.5391621129326127
2026-09-06,743730,arnica demli stil ih33200,,05,2243.0,11.548197474624411,-0.04456327985740138,1.1727559765448703,10.876582450555361
2026-09-06,745306,asus rog strix b550 f gaming wi fi ii,,08,41859.79,0.0,4.6497366243415605,4.6497366243415605,4.6497366243415605
2026-09-06,745479,samsung galaxy tab s8,,08,27999.0,0.0,0.0,28.14715480271499,16.671736512473913
2026-09-06,745686,arnica tostit gh26300,,05,4214.0,0.0,-4.444444444444439,-4.444444444444439,-11.284210526315785
2026-09-06,745763,isbir kardelen 140x190 cm,,05,33796.0,0.0,9.995117982099266,9.995117982099266,9.995117982099266
2026-09-06,745836,tineco floor one s3,,05,29548.0,11.111111111111116,7.526881720430101,7.526881720430101,11.111111111111116
2026-09-06,750365,philips hx3651 12 sonicare 2100,,13,2006.1,0.0,5.1817519281486035,5.1817519281486035,5.1817519281486035
2026-09-06,750837,braun silk epil 3 3274,,13,2664.0,0.0,0.0,0.0,0.0
2026-09-06,75169,snopy sn 912,,08,626.9,0.0,3.414714615638381,3.414714615638381,-8.999854841050947
2026-09-06,753032,xiaomi mi robot vacuum mop 2 pro,,05,26999.0,0.0,,,8.000320012800511
2026-09-06,753307,axle radeon rx 550 4gb,,08,6183.6,0.0,14.532320800148192,14.532320800148192,14.532320800148192
2026-09-06,754027,graco travelite baston,,13,5249.25,0.0,0.0,-7.58199968309301,-6.25
2026-09-06,754311,kiwi kah 6607,,05,1299.0,0.0,,,0.0
2026-09-06,75493,apple iphone 6 32gb,,08,16269.0,0.0,0.0,0.0,-0.30663568445202793
2026-09-06,755818,tefal easygliss plus fv5770,,05,2549.15,0.0,-0.6411755534767583,0.037281218114748604,7.5590717299578
2026-09-06,758093,wollex kf 65b,,06,770.0,0.0,0.0,0.0,0.0
2026-09-06,759078,lenovo yoga tab 11 za8w0065tr,,08,11304.05,0.0,0.0,0.0,0.0
2026-09-06,762903,dadya e 126 edp 100 ml erkek parfumu,,13,490.91,0.0,-2.045255008380553,-14.143551715694835,8.658890192346004
2026-09-06,764080,worx wx178 9c,,05,22028.0,0.0,0.0,0.0,0.0
2026-09-06,764947,minies 6 beden 28 adet,,13,14.26,0.0,,,
2026-09-06,765585,grundig ps 5112,,13,699.0,0.0,12.924071082390952,12.924071082390952,-46.18937644341802
2026-09-06,767194,jetway jnc8h ih310,,08,27801.9,0.0,0.0,0.0,0.0
2026-09-06,768099,lydsto g1,,05,7999.0,0.0,0.0,0.0,0.0
2026-09-06,770775,momax one link 8 in 1,,08,1847.0,0.0,-5.13610683102208,-7.3302894987707585,-17.80151312861593
2026-09-06,771127,powercolor fighter radeon rx 6500 xt 4gb gddr6,,08,10069.05,0.0,,,6.0006000600060005
2026-09-06,772542,promate dijital baskul hassas akilli vucut kitle indeksi olcer,,13,3599.0,0.0,0.0,0.0,0.0
2026-09-06,772823,king kv1618 alabora,,05,2435.13,0.0,-5.4347826086956434,-5.4347826086956434,
2026-09-06,772862,jumper jpd 500h,,06,746.92,0.0,-1.1906021801248778,0.0,0.0
2026-09-06,773027,choicemed md300m,,06,10121.98,0.0,0.0,0.0,0.0
2026-09-06,773167,dijitsu djt 250,,05,11375.0,0.0,0.0,0.0,-16.544387380777692
2026-09-06,773169,dijitsu seyhan,,05,6758.08,0.0,-2.0426148717205383,5.775148299447497,15.068362534266399
2026-09-06,773445,beurer po 60,,06,5953.5,0.0,0.8230452674897082,0.0,-3.838388406658555
2026-09-06,773861,life net ym 103,,06,449.9,0.0,0.0,0.0,4.649810425437861
2026-09-06,773894,galena pc 60fl,,06,840.0,0.0,0.0,0.0,0.0
2026-09-06,773987,yonker yk 81a,,06,949.99,0.0,0.0,,0.0
2026-09-06,774111,jumper jpd 500e,,06,687.91,0.0,0.0,0.0,0.0
2026-09-06,774113,aiqura ad 805,,06,148.49,0.0,0.0,12.500947041442533,10.000740795614483
2026-09-06,774117,iron x1805,,06,500.72,0.0,-1.1235955056179803,0.0,-2.2222222222222254
2026-09-06,774123,berry bm1000e,,06,555.06,0.0,0.0,0.0,3.652661064425766
2026-09-06,774131,plusmed oxycheck,,06,615.0,0.0,-0.16233766233766378,-0.16233766233766378,-2.241297091082506
2026-09-06,774133,berry bm1300,,06,1267.2,0.0,-1.1235955056179692,,-2.2222222222222143
2026-09-06,774809,life net pfx 033,,06,283.71,0.0,0.0,0.0,0.0
2026-09-06,775438,alba fold x,,09,46999.0,0.0,0.0,0.0,0.0
2026-09-06,776098,ventoso v5 silex 5000 vigolu,,13,1709.91,0.0,-9.999999999999998,-9.999999999999998,0.29974190520882793
2026-09-06,776707,flavel flv 5000 bm,,05,13399.0,4.036934315184015,4.036934315184015,3.0771597815216545,4.053254391918659
2026-09-06,776860,usams t36,,08,474.05,0.0,0.0,0.0,0.0
2026-09-06,780356,arcelik atria 24,,05,35880.0,0.0,-0.8839779005524906,-0.8839779005524906,-0.8839779005524906
2026-09-06,783243,spigen powerarc arcstation pro 45w,,08,839.8,0.0,12.269725408411535,12.269725408411535,12.272727272727257
2026-09-06,78401,salcano hector 26 v,,09,9107.2,0.6031416388661892,0.6031416388661892,0.6031416388661892,-5.340401205695866
2026-09-06,785105,oral b pro 750 black edition,,13,4295.7,0.0,-14.000000000000002,19.760796230728484,24.751698902247774
2026-09-06,78557,bianchi aspid 24,,09,17499.0,0.0,0.0,0.0,
2026-09-06,787084,lg sn7y,,09,31584.96,0.0,1.0526315789473717,0.0,10.344827586206895
2026-09-06,787542,belkin avc009btsgy,,08,2399.0,0.0,-4.001600640256098,-4.001600640256098,-4.001600640256098
2026-09-06,789083,sandisk ultra sdsqua4 032g gn6mn,,08,764.15,0.0,0.0,-15.000000000000002,-15.000000000000002
2026-09-06,790271,gigaset r700h pro,,08,7911.0,0.0,0.0,6.031363088057895,-1.1125000000000052
2026-09-06,79139,samsung e1050,,08,2156.0,0.0,1.0309278350515427,1.0309278350515427,-2.0000000000000018
2026-09-06,791491,casio edifice ecb 900db 1adr,,03,13950.06,0.0,-2.0299723788916646,4.112694977237097,7.316408954534959
2026-09-06,792126,xiaomi 67w car charger,,08,1679.0,0.0,0.0,0.0,0.0
2026-09-06,792442,chicco liteway 4 complete baston,,13,19394.29,0.0,-29.269857316452295,-29.269857316452295,0.0
2026-09-06,794047,sk hynix hma42gr7afr4n tf,,08,8995.0,0.0,0.0,0.0,0.0
2026-09-06,796155,babytime bt516 mini 3lu cam,,13,332.64,0.0,0.0,0.0,
2026-09-06,796165,bambino b066 kulplu pp 250 ml,,13,246.6,0.0,0.0,0.0,2.2727272727272707
2026-09-06,796173,bebedor mini bardak biberon 30 ml,,13,245.0,0.0,0.0,0.0,0.0
2026-09-06,797559,trust voxx 23731,,08,1869.0,0.0,0.0,0.0,
2026-09-06,798392,arcelik 12220 p,,05,22333.0,9.896004023237936,6.425613818889175,4.408602150537644,4.043792219892839
2026-09-06,799636,regal km 8202,,05,15679.02,0.0,-2.0000000000000018,-2.0000000000000018,-2.0000000000000018
2026-09-06,800100,casio lrw 200h 7bvdf,,03,1766.05,0.0,13.353658536585368,13.353658536585368,3.335186214563657
2026-09-06,800636,silter magma mini mgm mn 1035,,05,9460.0,0.0,-9.603440038222644,-4.669770441582521,-1.8631478484584463
2026-09-06,801528,wiami 3 5 l air fryer,,05,2421.19,0.0,-2.7657968081090334,2.2371326867127506,32.45021881838075
2026-09-06,80168,beko bss 2203,,05,9300.38,0.506619117090823,-0.4348570816829156,-0.4348570816829156,13.714649027351534
2026-09-06,801879,casio lq 139amv 1ldf,,03,1267.56,0.0,0.0,0.0,-1.176470588235301
2026-09-06,80194,altus al 1128,,05,4743.7,0.0,0.09917704156994223,0.09917704156994223,1.1363636363636465
2026-09-06,802186,rampage umbra kb r86 red,,08,1242.48,0.0,-0.6008048064384486,-0.6008048064384486,8.13577023498695
2026-09-06,80401,goldmaster se 87,,05,16019.11,0.0,-6.315789473684208,-6.315789473684208,-6.315789473684208
2026-09-06,804259,piranha 2325,,08,399.0,0.0,0.0,0.0,-3.408540718504882
2026-09-06,80430,awox tron 3,,05,6499.0,0.0,8.334722453742295,8.334722453742295,8.334722453742295
2026-09-06,804604,casio ltp 1314l 8avdf,,03,1478.58,0.0,-4.678464365148449,-4.642193788050775,5.708750080430103
2026-09-06,804970,casio ltp 1308d 1bvdf,,03,2378.2,0.0,0.20055278414452538,0.20055278414452538,0.8139041966935157
2026-09-06,80507,samsung b350e,,08,2449.0,0.0,26.23711340206185,-24.64615384615385,-5.842096157173337
2026-09-06,806073,hiking x9,,08,7999.0,0.0,0.0,0.0,0.0
2026-09-06,806790,arendo xxl air fryer,,05,26899.0,0.0,0.0,,
2026-09-06,807298,casio ltp v001gl 1budf,,03,1399.0,0.0,1.5445809017797574,-2.9846606196776815,-7.548753328971802
2026-09-06,808711,casio g shock dw 5600mw 7dr,,03,7316.1,0.0,0.0,0.0,0.0
2026-09-06,809620,torima p68,,08,399.0,0.0,-4.761904761904756,-4.761904761904756,-4.761904761904756
2026-09-06,810745,ugur usp 2000,,05,7474.0,0.0,0.0,0.0,-0.33337778370449156
2026-09-06,811938,fossil fs5933,,03,9327.5,0.0,-23.529411764705888,-23.529411764705888,-14.708302852962696
2026-09-06,811992,fossil fs5822,,03,6800.0,0.0,0.0,0.0,-4.761904761904767
2026-09-06,812068,braun silk epil 9 9855 sensosmart,,13,13293.08,0.0,0.0,0.0,2.2222222222222143
2026-09-06,812608,fossil fs5623,,03,7029.0,0.0,0.0,0.0,-4.762549962739648
2026-09-06,812654,fossil fs5306,,03,3850.0,0.0,0.0,0.0,-4.761904761904767
2026-09-06,81282,tefal classic,,13,799.0,0.0,-5.889281507656063,-13.057671381936887,-16.684045881126174
2026-09-06,813372,schafer mina krm01,,05,4499.0,0.0,0.0,0.0,
2026-09-06,813701,bigboy bts309m2 2g,,08,10778.75,0.0,0.16122437601056028,0.16122437601056028,
2026-09-06,816333,karaca air pro cook xl 2 in 1 konusan air fryer black copper,,05,4294.89,0.0,7.3990997749437515,7.3990997749437515,11.37044912353491
2026-09-06,818372,apple ipad 2022 10 nesil wi fi plus cellular 2,,08,30019.05,0.0,0.0,8.258447996434048,25.07937499999999
2026-09-06,824737,belderia tec strong 24,,09,6207.03,0.0,-2.2361001732556396,-3.0000000000000027,-2.2361001732556396
2026-09-06,824893,vestel akilli saat 2,,08,1499.0,0.0,0.0,,-12.59475218658892
2026-09-06,828669,asus tuf gaming vg249qm1a,,08,5569.2,-0.2153650993868772,-72.15400000000001,-72.15400000000001,-72.15400000000001
2026-09-06,82954,tefal fr314030 super uno,,05,15262.89,0.0,-2.7659319643296265,-7.715762742608378,-8.604956553658072
2026-09-06,830233,microcase al2740,,08,430.0,0.0,0.0,0.0,0.0
2026-09-06,830266,joyroom s m405 type c 2 m,,08,199.0,0.0,1.0101010101010166,1.0101010101010166,1.0101010101010166
2026-09-06,832771,profilo bd3086wecn,,05,47122.02,0.0,6.971510294885475,6.556662332523033,6.855076078822653
2026-09-06,836235,s link sl m10,,08,256.82,0.0,0.3163938908636421,0.7137254901960821,1.5138938297956317
2026-09-06,837582,mcdodo cc 6810,,08,624.68,0.0,,0.0,-34.17492096944152
2026-09-06,838030,philips azur 8000 dst8021 30,,05,5140.0,0.0,-3.0346019325166007,-4.620523288179623,-4.620523288179623
2026-09-06,83859,philips hd2581,,05,1399.0,0.0,0.0,0.0,0.0
2026-09-06,838869,benks d38 1 2 m,,08,473.24,0.0,17.648228713486635,17.648228713486635,0.0
2026-09-06,83939,tefal subito,,05,9989.0,0.0,0.0,0.0,0.0
2026-09-06,840453,arzum ar5047 profon neo,,13,1762.9,0.0,-34.70740740740741,-14.550918520672763,-14.550918520672763
2026-09-06,841654,omron duobaby ne c301e,,06,1920.0,0.0,-1.0309278350515427,-10.656119125174502,-2.010819638664907
2026-09-06,841667,altus al 795 ic,,05,2653.23,0.0,-4.8387096774193505,0.0,1.724137931034475
2026-09-06,841767,omron c102,,06,1853.3,0.0,1.5785146615511003,0.0,1.0909289259804833
2026-09-06,841795,omron c101,,06,1416.8,0.0,2.2960288808664187,2.2960288808664187,31.185185185185183
2026-09-06,841810,acura ac 4020,,06,543.42,0.0,-0.2130081897976588,-0.2130081897976588,-0.2130081897976588
2026-09-06,842393,yuwell 405a,,06,919.6,0.0,0.0,-2.0660276890308804,18.048780487804873
2026-09-06,842406,intel xeon e5 2683 v4,,08,31156.8,0.0,,,
2026-09-06,842511,acura ac 4000,,06,620.58,0.0,3.0932287859658514,3.0932287859658514,3.0932287859658514
2026-09-06,843108,comfort plus dm 245,,06,5199.99,0.0,0.0,0.0,0.0
2026-09-06,843146,iron al 20,,06,817.52,0.0,-1.1235955056179692,0.0,-2.2222222222222254
2026-09-06,843187,mesilife br cn003,,06,836.0,0.0,-1.1235955056179803,0.0,-2.2222222222222254
2026-09-06,843204,nimo hnk nbl s,,06,827.0,0.0,-0.039887348458300664,-3.274853801169586,-2.4856145646637184
2026-09-06,843238,plusmed vivocare steamy,,06,810.0,0.0,11.111111111111116,0.0,2.6615969581748944
2026-09-06,843284,oncomed al 50,,06,650.0,0.0,-17.61723700887199,-17.61723700887199,-17.61723700887199
2026-09-06,847750,babytime bt 067,,13,349.0,0.0,0.0,0.0,
2026-09-06,847770,bebedor pp mini,,13,175.0,0.0,0.0,0.0,0.0
2026-09-06,847799,philips avent natural pp scf033 27,,13,1371.02,0.0,7.907599071268345,7.57147788971535,1.624786894967012
2026-09-06,847974,zilan zln1819,,05,3392.1,0.0,-1.6411981326296843,-1.6411981326296843,-1.6411981326296843
2026-09-06,849730,winix l500,,05,6771.88,0.0,,,
2026-09-06,850018,trust qmax 23560,,08,708.0,0.0,0.0,0.0,0.0
2026-09-06,850514,philips hu2716 10,,05,21944.0,0.0,0.0,0.0,0.0
2026-09-06,850521,deerma f60w,,05,2321.14,0.0,22.876654314452093,19.093894304771663,16.05758028790143
2026-09-06,851190,braun silk expert pro 3 pl3233,,13,44502.99,0.0,0.0,0.0,0.0
2026-09-06,851964,raynox rx km101,,08,417.6,0.0,0.0,0.0,0.0
2026-09-06,852440,omron c28p yuvarlak kasa,,06,2578.0,0.0,5.716394652669576,10.076857386848847,10.691283812795183
2026-09-06,852475,artimed un 300,,06,999.0,0.0,0.0,0.0,17.78854656715363
2026-09-06,852726,samsung windfree premium black 12,,05,34999.0,0.0,0.0,0.0,-8.13307959839884
2026-09-06,853305,beurer em 80,,06,7629.3,0.0,0.8233117483811281,26.91386365904782,25.325251330573618
2026-09-06,853318,comfort plus r c4a,,06,2520.3,0.0,0.0,0.8725235141084697,-4.052536404301888
2026-09-06,853325,mesilife r c4d,,06,1299.0,0.0,0.0,0.0,-6.546762589928057
2026-09-06,853359,omron e3,,06,2904.0,0.0,-12.988764044943824,-12.0,-3.681592039800996
2026-09-06,853364,comfort plus dm 3000,,06,1768.6,0.0,0.0,-0.15017558122466523,-6.869224085727077
2026-09-06,853368,beurer em 70,,06,6450.0,0.0,0.0,0.0,0.0
2026-09-06,853378,beurer em 49,,06,4658.9,-4.694787660584243,0.0,0.0,0.0
2026-09-06,853387,f bosch fb2405,,06,2639.91,0.0,9.858926342072394,15.380681818181818,12.816666666666654
2026-09-06,853436,vivacheck eco,,06,515.71,0.0,1.1196078431372714,-3.3961486587741674,-5.519932580976105
2026-09-06,853437,okmeter optima,,06,479.6,0.0,-1.1235955056179803,3.8319982680233844,2.0859940400170363
2026-09-06,853438,lifechek silver,,06,563.2,0.0,-1.1235955056179692,-4.33482810164424,-6.460720810496589
2026-09-06,853442,accu chek active,,06,931.0,0.0,-4.659498207885305,0.0,-2.0618556701030966
2026-09-06,853444,globus genesy 1500,,06,152588.2,,0.0,0.0,0.0
2026-09-06,853445,globus duo tens,,06,10320.0,0.0,0.0,-6.181818181818177,-6.181818181818177
2026-09-06,853446,everyway ev 906a,,06,8799.12,0.0,-1.1235955056179803,0.0,13.683720930232578
2026-09-06,853447,everyway ev 806p,,06,8000.0,0.0,19.850187265917608,48.14814814814814,61.03059581320451
2026-09-06,853498,vestel cdm600 e,,05,22999.08,0.0,-25.32523783239715,-25.32523783239715,-3.76551320138917
2026-09-06,853508,compex sp 8 0,,06,70400.0,0.0,-1.1235955056179803,4.575163398692816,2.251270878721856
2026-09-06,853511,compex fit 5 0,,06,34540.0,0.0,-1.1235955056179803,0.0,0.6586233024421517
2026-09-06,853513,compex fit 3 0,,06,26800.0,0.0,0.0,0.0,11.295681063122931
2026-09-06,853515,compex fit 1 0,,06,13904.0,0.0,-1.1235955056179803,1.9354838709677358,2.7668860613541346
2026-09-06,853522,globus premium 400,,06,32215.0,0.0,-1.1627906976744207,0.0,4.343460516939812
2026-09-06,853523,globus elite 150,,06,23750.0,0.0,0.0,0.0,2.282515073212754
2026-09-06,853566,fizyopol r c4d,,06,1920.0,0.0,0.0,0.0,0.0
2026-09-06,853572,nordmende nrd 2022,,06,1910.9,0.0,0.0,0.0,0.0
2026-09-06,853574,yuwell sdp 330,,06,2659.05,0.0,0.0,0.0,0.0
2026-09-06,853593,comfort plus dm 214,,06,1759.12,0.0,11.104654834838623,12.908857509627714,7.394383394383386
2026-09-06,853603,on call gk dual,,06,2168.6,0.020755021562157694,-0.7950667435200787,0.771375464684021,3.3729931739312713
2026-09-06,853607,on call plus,,06,616.0,-2.408111533586821,-1.1235955056179803,0.0,1.2225581701064803
2026-09-06,853750,canon maxify gx7040,,08,26698.4,0.0,0.0,-0.7420626068852632,0.06397732047089821
2026-09-06,85391,bugatti volo,,05,9899.1,0.0,-9.999999999999998,,23.7774304470147
2026-09-06,854065,plusmed fasttest hblyzer,,06,2402.4,0.0,-1.8426966292134805,-0.7272727272727209,-2.9333333333333322
2026-09-06,854492,okmeter direct,,06,747.96,0.0,-1.123654918964656,0.0,-2.2210602000130697
2026-09-06,854867,tefal easy fry ey130840 air fryer,,05,3929.0,0.0,0.0,9.898716403131647,22.924918498495117
2026-09-06,856374,rks ys8,,09,43000.0,0.0,0.0,0.0,0.0
2026-09-06,857183,dji mini 3 dji rc,,09,30360.0,0.0,4.237659116074255,1.5415858949506145,8.824459265026263
2026-09-06,857804,sandisk extreme pro sdsdxxd 256g gn4in,,08,4128.27,-6.79002032061412,-7.02387762548028,-8.240275616803727,-11.31593136886334
2026-09-06,858415,nimo hnk nbl mn,,06,825.0,0.0,-1.386564666507295,-0.26595744680851796,-2.4822695035460973
2026-09-06,859259,lexmark ms431dn,,08,36661.0,0.0,0.0,0.0,0.0
2026-09-06,859267,hp smart tank 585,,08,7759.03,0.0,-0.012500000000004174,-0.012500000000004174,-1.032780612244899
2026-09-06,859371,siemens sn23hw62mt,,05,38640.0,4.846206569819578,6.011167936340622,4.846206569819578,-7.316570041472481
2026-09-06,859922,delonghi magnifica evo ecam290 22 b,,05,31745.5,0.0,26.982660309833605,26.982660309833605,26.982660309833605
2026-09-06,860023,hattrick sp 6000,,09,14242.5,7.14285714285714,0.0,0.0,0.0
2026-09-06,860467,bambino silikon emzik mini cam,,13,184.5,0.0,0.0,0.0,2.2727272727272707
2026-09-06,860468,bambino b019,,13,200.7,0.0,0.0,0.0,2.2727272727272707
2026-09-06,860493,chicco perfect 5 240 ml,,13,590.0,0.0,0.0,0.0,
2026-09-06,861219,siemens sn53is62mt,,05,33599.0,0.0,0.24166119696880095,0.24166119696880095,3.3879007938950156
2026-09-06,862096,asus rog strix xg32aq,,08,33249.27,0.0,-4.999371410611742,-4.999371410611742,
2026-09-06,862130,grundig rio 65 ghu 8900 s,,09,33599.04,0.0,2.1276595744680993,1.0526315789473717,0.0
2026-09-06,862155,antec nx360,,08,3500.9,0.0,0.0,0.0,-6.851071868539449
2026-09-06,862385,asrock h610m hdv m 2,,08,18349.6,0.0,0.0,0.0,0.0
2026-09-06,863038,awox hot slice,,05,1168.16,0.0,-2.5721434528773957,-2.5721434528773957,4.206958073148992
2026-09-06,863605,dramex d30t,,08,149.9,0.0,-16.67593107281823,-16.67593107281823,-16.67593107281823
2026-09-06,863885,philips essential dijital xxl 5000 series hd9285 96 airfyer,,05,6319.0,0.0,-0.8006279434850883,-0.8006279434850883,-7.886297376093299
2026-09-06,863912,teka rsf 41150,,05,22226.1,3.709755840355067,5.964315749927995,4.824766189849594,2.807892665083478
2026-09-06,865816,vzn ys35,,06,2561.67,0.0,-1.1235998425184746,0.0,-2.2222307043425427
2026-09-06,866965,qu hs150,,13,449.1,0.0,-9.999999999999998,-9.999999999999998,2.2727272727272707
2026-09-06,867720,dm chb009,,08,522.34,0.0,0.8787346221441172,0.8787346221441172,2.8552299936988046
2026-09-06,867761,adidas campus 00s hq8713,,03,3887.19,0.0,0.0,0.0,-10.000000000000009
2026-09-06,869827,lydsto 4 l air fryer kirmizi,,05,2424.03,0.0,-2.9999999999999916,-2.9999999999999916,-2.9999999999999916
2026-09-06,871486,arcelik 1210 km,,05,46000.0,0.0,-3.157894736842104,-2.127659574468088,6.382978723404253
2026-09-06,871664,bosch wqg244c1tr,,05,35999.04,0.0,-0.8290909090909016,0.0,3.365320010336803
2026-09-06,871665,platoon pl 9031,,08,740.76,0.0,0.0,0.0,0.0
2026-09-06,873299,prima premium care 0 beden 60 adet,,13,12.17,0.0,21.943887775551097,21.943887775551097,21.943887775551097
2026-09-06,873430,prima premium care kulot bez 4 beden 44 adet,,13,15.53,0.0,1.2385919165580184,0.0,21.995286724273356
2026-09-06,873870,sleepy natural 5 beden 224 adet,,13,9.94,0.0,30.961791831357054,30.961791831357054,
2026-09-06,874062,sleepy natural 0 beden 132 adet,,13,1.91,0.0,0.0,-1.0362694300518172,-71.99413489736071
2026-09-06,874343,sleepy extra gunluk aktivite 1 beden 32 adet,,13,10.91,0.0,0.0,-12.510024057738578,-22.238061297220234
2026-09-06,874632,molfix 1 beden 108 adet,,13,6.87,0.0,11.345218800648293,11.345218800648293,11.345218800648293
2026-09-06,874908,prima premium care 4 beden 168 adet,,13,17.7,0.0,0.0,0.0,0.0
2026-09-06,875349,baby turco dogadan 7 beden 16 adet,,13,29.69,1.261937244201916,,,
2026-09-06,875408,sandisk extreme sdsdxva 128g gncin,,08,2203.28,0.0,0.0,0.0,-0.27158169177288194
2026-09-06,875437,sandisk ultra sdsdunr 064g gn6in,,08,1300.0,13.043478260869556,13.043478260869556,13.043478260869556,13.043478260869556
2026-09-06,875768,bebem natural 6 beden 32 adet,,13,15.83,0.0,12.588904694167846,12.588904694167846,46.16805170821792
2026-09-06,876189,onlem botanika 4 beden 72 adet,,13,5.07,0.0,0.0,0.7952286282306265,10.217391304347846
2026-09-06,876318,elbebek elite 1 beden 234 adet,,13,6.47,0.0,0.0,0.0,0.0
2026-09-06,876768,paddlers 4 beden 60 adet,,13,7.23,0.0,-6.5891472868217065,-6.5891472868217065,-6.5891472868217065
2026-09-06,877278,electrolux lnt5me32u1,,05,33950.0,0.0,-2.9972284922426318,-1.0204081632653073,9.874105958121614
2026-09-06,877566,severin at 2510,,05,3479.1,0.0,16.00866955651883,16.00866955651883,16.00866955651883
2026-09-06,877567,electrolux e5t1 4st,,05,2230.0,0.0,-0.6708061254487641,-7.046151794050948,-0.08110009364595827
2026-09-06,877902,profilo bd2086wdan,,05,44123.5,0.0,0.901916572717032,0.901916572717032,0.901916572717032
2026-09-06,878091,philips sonicare cordless power flosser 2000 hx3801 11,,13,16940.9,0.0,0.0,0.0,0.0
2026-09-06,882362,koleksiyon mislina 122 parca,,05,60878.7,0.0,0.0,0.0,26.830624999999998
2026-09-06,882756,goldmaster palmi gm 8407 xxl air fryer,,05,2671.57,0.0,-12.032597958511682,-15.181791628568531,-42.53538879818974
2026-09-06,884222,gigaset comfort 550,,08,3685.5,0.0,6.210374639769456,6.210374639769456,6.210374639769456
2026-09-06,884891,canon i sensys mf465dw,,08,23205.0,0.0,2.004080163206523,7.36842105263158,9.046052631578938
2026-09-06,884907,canon i sensys lbp246dw,,08,52934.0,0.0,0.0,0.0,
2026-09-06,885950,hp laserjet m111w,,08,6693.0,0.0,-2.27770477441962,-2.27770477441962,-0.1686974498494309
2026-09-06,886008,bang olufsen beosound a5,,09,82269.0,0.0,-12.507728914659388,-2.001215023407066,-2.001215023407066
2026-09-06,886009,jbl bar 800,,09,37729.0,0.0,-5.129623576152276,-5.129623576152276,-14.464168310322156
2026-09-06,88609,medisana ftc 77030,,06,899.0,0.0,0.0,0.0,0.0
2026-09-06,88639,bosch gbh 8 45 d professional,,05,31638.75,0.4605683041370101,3.091397849462374,1.724137931034475,0.0
2026-09-06,886459,panasonic kx tg1611 2 ahize,,08,5703.1,0.0,2.2225807029807587,2.2225807029807587,-1.075436679329067
2026-09-06,886493,gigaset a170 3 ahize,,08,10999.0,0.0,0.0,0.0,0.0
2026-09-06,886583,gigaset a690 trio,,08,6439.1,0.0,2.222539727897632,6.786182192076162,3.3414113530950695
2026-09-06,886663,gigaset a690a quad,,08,10119.1,0.0,2.222424260791378,17.12056852509869,13.342443351740062
2026-09-06,886665,gigaset a690a duo,,08,5795.1,0.0,2.222575011906658,17.0940170940171,13.31612600457559
2026-09-06,886684,tcl tab 7 l 2023,,08,2358.26,0.0,-0.9134453781512564,-0.4953586497890239,0.7803418803418838
2026-09-06,886701,gigaset a690a trio,,08,7739.1,0.0,0.0,14.66862248299774,10.969157310620714
2026-09-06,889858,swissvoice ih250,,08,1979.91,0.0,0.0005050760139457822,0.0005050760139457822,0.0
2026-09-06,890087,profilo bd2086idan,,05,45003.42,0.0,-1.4863054480500182,-1.4863054480500182,-1.5981003316985376
2026-09-06,890778,atalay aeo 870,,05,37846.0,0.0,-2.4989694971145893,-1.012214579028592,0.8823137411702042
2026-09-06,890838,philips hd9875 90 airfryer,,05,16989.0,-15.008254539997,-22.423382302174833,-13.813920454545459,-11.483768377056535
2026-09-06,891654,zcwatch v0922,,08,5832.0,0.0,0.0,0.0,0.0
2026-09-06,891757,joyroom jr ft3,,08,2977.88,0.0,0.0,0.0,20.323245383651866
2026-09-06,892353,i xtech ix hc3,,08,1733.0,0.0,0.0,0.0,0.0
2026-09-06,894660,audio technica ath gdl3,,08,43794.7,0.0,0.0,0.0,0.0
2026-09-06,894748,dyson airwrap multi styler complete long,,13,28999.0,0.0,-6.451821026484728,-6.451821026484728,-6.451821026484728
2026-09-06,895219,soffio 6 beden 60 adet,,13,16.65,0.0,0.0,53.739612188365626,53.739612188365626
2026-09-06,895527,bebem natural 6 beden 256 adet,,13,8.28,0.0,0.0,4.020100502512558,1.098901098901095
2026-09-06,89555,rowenta sf4532 lisscurl keratin shine,,13,1666.66,0.0,-10.000270000269996,-10.000270000269996,2.272294938114783
2026-09-06,895853,apple iphone 15 pro max 512gb,,08,102923.05,0.0,0.0,0.0,-15.294237224248409
2026-09-06,896421,sunix mg 50,,08,2049.17,0.0,0.0,0.0,0.0
2026-09-06,896715,homend alex laser pro 1286h,,05,19000.0,0.0,0.0,0.0,0.0
2026-09-06,89719,delonghi icm 14011,,05,4449.0,0.0,0.0,11.252813203300827,11.252813203300827
2026-09-06,898161,altus al 2983 ecofryer xl air fryer,,05,1760.0,8.041080165253733,8.64197530864197,-1.267811062492985,10.072234904155852
2026-09-06,898181,ariete party time,,05,4769.1,0.0,0.0,6.122203753029054,0.0
2026-09-06,898791,lg rh10v9pv2w bptpltk,,05,40079.37,0.0,-4.7183465235200455,-12.448403163091438,-12.984433347807201
2026-09-06,899399,freely ktr 2610,,06,1121.12,0.0,-1.1235955056179803,0.0,-11.022222222222233
2026-09-06,899629,mesilife hl100k,,06,711.01,0.0,-3.2639455782312976,-3.2639455782312976,-3.2639455782312976
2026-09-06,899818,zore z 26,,08,357.4,0.0,0.0,0.0,0.0
2026-09-06,900215,grundig hd 8381,,13,2880.0,-0.6553984132459445,-2.3728813559321993,2.857142857142847,3.2258064516129004
2026-09-06,900690,twisted minds tm32dui,,08,20999.0,0.0,0.0,0.0,0.0
2026-09-06,901305,vestel sefa 2100 b,,05,5421.6,0.0,,,
2026-09-06,901895,dreame r10 pro,,05,13999.0,0.0,6.382897879561389,0.0,7.709471416480729
2026-09-06,902252,ally ads 301a,,08,752.9,0.0,0.0,4.165801961842308,4.165801961842308
2026-09-06,902404,samsonite proxis spinner orta boy valiz,,03,25285.0,0.0,0.0,0.0,0.0
2026-09-06,902822,rock z6 2 m,,08,599.0,0.0,0.0,0.0,0.0
2026-09-06,903201,syrox mc256,,08,2766.3,0.0,0.0,0.0,6.43709118891882
2026-09-06,904173,dji mini 4 pro dji rc 2,,09,66700.0,0.0,0.0,0.0,-6.055014859364216
2026-09-06,904255,colorful battle ax b760m k d5 v20,,08,4639.0,0.0,25.41227358745608,25.41227358745608,25.41227358745608
2026-09-06,904292,pure baby organik bambulu kulot bez 6 beden 128 adet,,13,6.27,0.0,0.0,0.0,4.499999999999993
2026-09-06,904648,baby turco dogadan 4 beden 52 adet,,13,9.56,0.0,0.0,0.0,0.0
2026-09-06,905263,sportplus hava direncli kurek makinesi,,09,50551.99,0.7489005748141153,0.7489005748141153,0.7489005748141153,1.8946005848580194
2026-09-06,905288,delkin devices black cfexpress type a,,08,4999.0,0.0,0.0,0.0,0.0
2026-09-06,905695,apple macbook pro 14 2 m3 8cpu 10gpu mr7j3tu a,,08,75199.0,0.0,0.0,0.0,
2026-09-06,906293,rado rd 3835,,13,1557.9,0.0,-34.605762450048694,34.87143970219031,34.87143970219031
2026-09-06,906462,redmi pad se 8 gb 256 gb,,08,25000.0,0.0,0.0,0.0,
2026-09-06,907096,tcl onetouch 4022s,,08,3090.0,-0.2904162633107443,-0.2904162633107443,1.6765107517151767,10.475509474436894
2026-09-06,908569,thull vortex thl pcvtx25600d4 32g,,08,25500.0,0.0,,,0.0
2026-09-06,908772,xiaomi smart tower heater lite,,05,8999.0,0.0,0.0,0.0,1.1112234693992251
2026-09-06,909007,haier hd90 a2939e tr,,05,17324.01,0.0,-1.000000000000012,-0.9801949072618776,-0.4550884578189973
2026-09-06,911127,hp laserjet m111a,,08,5684.0,0.0,-0.04554574885827778,-0.04554574885827778,-0.6119951040391647
2026-09-06,911219,s link swapp sw c501 0 2 m,,08,189.0,0.0,0.0,0.0,5.586592178770955
2026-09-06,911778,alpin picco b 182r,,09,6152.28,0.0,-16.24993193574735,-16.24993193574735,-16.24993193574735
2026-09-06,911796,alpin actuel b 160,,09,2430.14,0.0,-2.6218459109542236,-30.547585024292655,-30.547585024292655
2026-09-06,91371,raks perge 2300 w,,05,4830.0,0.0,-2.127659574468088,38.039439839954284,38.039439839954284
2026-09-06,913931,miele g 5110 brws,,05,73990.0,0.0,0.0,,
2026-09-06,914167,ideal ap15,,05,41376.47,0.0,-4.395612266872206,-4.395612266872206,-4.395612266872206
2026-09-06,914388,amazfit cheetah square,,08,7199.1,0.0,0.0,-0.2763521515988909,-0.2763521515988909
2026-09-06,915092,marshall middleton,,09,10327.0,0.0,-4.626452837333018,-5.630376656060321,-13.07239057239057
2026-09-06,91527,voit at 1000,,09,31185.0,5.995717344753748,2.0618556701030855,2.0618556701030855,2.0618556701030855
2026-09-06,915376,gigabyte x670e aorus xtreme,,08,43999.0,0.0,0.0,0.0,16.092348284960423
2026-09-06,91591,cybex mios,,13,44990.0,0.0,13.879907954457149,12.741097174606363,-0.5611366664397432
2026-09-06,91778,frisby fs 334,,09,434.1,0.0,0.0,5.108958837772404,26.981805417422343
2026-09-06,918068,hometech alfa 10yc pro,,08,7500.0,0.0,0.0,0.01333511134817833,0.01333511134817833
2026-09-06,919042,oclean kids,,13,1895.44,0.0,-14.000000000000002,-14.000000000000002,-2.2727272727272707
2026-09-06,919059,philips sonicare 9000 power ozel surum pempe,,13,45171.1,0.0,0.0,0.0,0.0
2026-09-06,919294,fakir aroma gourmet,,05,3499.0,10.559908998988865,12.907389480477583,12.907389480477583,12.907389480477583
2026-09-06,920196,asus tuf gaming m3 gen ii,,08,699.0,0.0,-11.406844106463875,-9.992274014936909,0.0
2026-09-06,921820,vzn bm1000c,,06,1725.63,0.0,-3.0544943820224657,-3.315217391304337,-5.9602179836512175
2026-09-06,921918,teknonet tn chc10,,08,469.9,0.0,0.0,0.0,0.0
2026-09-06,92196,eca proteus premix 30 hm,,05,44466.57,0.0,-1.1363636363636354,-1.8831200353044975,4.504277320799055
2026-09-06,922850,pulsemed rj 206d,,06,995.0,0.0,0.0,0.0,0.0
2026-09-06,925066,phixi force cb631 1 m,,08,338.02,0.020713123243076836,0.32946484224272155,0.7691390412592369,1.5776662559725985
2026-09-06,925507,itimat 10552 2000w,,05,2729.1,0.0,0.0,0.0,11.300978792822193
2026-09-06,925720,phixi force cb464l 1 m,,08,446.48,0.0,19.27443699409612,19.27443699409612,19.27443699409612
2026-09-06,925773,linktech k609 safe 2 m,,08,265.5,0.0,0.5681818181818121,0.0,0.0
2026-09-06,926171,sunny snczv012,,05,744.0,0.0,-1.0638297872340385,1.0869565217391353,0.0
2026-09-06,926752,hp laserjet mfp m141ca,,08,7150.0,0.0,0.35087719298245723,0.35087719298245723,14.870509607351723
2026-09-06,929479,pierre cardin pc e12001,,13,999.0,0.0,,,
2026-09-06,929684,usams jelly us sj595 1 m,,08,189.05,0.0,0.0,0.0,0.0
2026-09-06,930022,wiwu wi w012,,08,1112.0,0.0,-0.0808697996226182,-0.0808697996226182,-0.0808697996226182
2026-09-06,930085,sk hynix hma84gr7afr4n uh,,08,15650.0,0.0,0.0,0.0,0.0
2026-09-06,931141,vestel cds301,,05,13350.0,0.0,-4.829798609873459,2.1735802847083985,7.487922705314021
2026-09-06,931575,pierre cardin pc b20001,,13,719.1,,,,
2026-09-06,932952,frisby fc 2910b 500w,,08,3199.0,0.0,0.0,0.0,0.0
2026-09-06,933363,beko 3104 g,,05,18499.0,0.0,0.0,19.28397375094868,11.566245586864143
2026-09-06,933600,jbl tune 310c,,08,809.1,0.0,-9.999999999999998,-9.999999999999998,-9.999999999999998
2026-09-06,93467,benq zowie xl2411,,08,46048.75,0.0,0.0,0.0,0.0
2026-09-06,935606,philips 5500 serisi lattego ep5547 90,,05,22589.0,0.4000177785679293,-0.48460284594035175,-3.6675337967503996,-4.308794237431446
2026-09-06,935948,braun ipl skin i expert pl7253,,13,23219.1,0.0,29.00145007250363,7.252528985172524,16.101305065253246
2026-09-06,936001,braun ipl skin expert pl3136,,13,18920.0,0.0,-14.000000000000002,-14.000000000000002,-14.000000000000002
2026-09-06,936067,braun ipl silk expert pro pl5152,,13,19779.14,0.0,22.093456790123444,-10.543321438424623,-10.543321438424623
2026-09-06,937179,vzn lt n200,,06,782.1,0.0,0.0,0.0,0.0
2026-09-06,937180,nimomed nbm 5b,,06,1170.0,0.0,0.0,0.0,0.0
2026-09-06,937330,msi b650m project zero,,08,10230.0,0.0,0.0,4.301014972242467,11.111111111111116
2026-09-06,937728,orico gqz60 pd60w 1 5 m,,08,408.27,0.0,0.4576659038901587,34.29934210526315,34.29934210526315
2026-09-06,938339,apple ipad pro 13 2024 1024,,08,83659.06,0.0,0.0,-1.0526315789473717,-1.0526315789473717
2026-09-06,938951,welio wkey t100,,08,2425.0,0.0,0.0,0.0,0.0
2026-09-06,939282,lenovo tab m11 tb330xu,,08,14836.96,0.0,0.0,0.0,-1.0526315789473717
2026-09-06,939393,maxi cosi plaza ekstra,,13,40158.06,0.0,0.0,0.0,0.0
2026-09-06,939585,maxi taxi milano puset,,13,5034.05,0.0,0.0,0.0,0.0
2026-09-06,940471,akel as1012 1500w,,05,490.5,0.0,0.0,0.0,1.4393845390246796
2026-09-06,940922,decathlon gps 900 by coros,,08,33757.7,0.0,0.0,0.0,0.0
2026-09-06,941019,inteya hiwatch pro,,08,2771.1,0.0,0.0,0.0,-0.9649404953361196
2026-09-06,941141,wiwu wi c012 1 2 m,,08,1522.27,0.0,0.0,0.0,0.0
2026-09-06,941339,hama 106618 1 m,,08,315.56,0.0,0.0,0.0,0.0
2026-09-06,942119,samsung rt58k704rww,,05,53727.08,0.0,1.7943918150814753,-1.0186440677966035,5.038279569892468
2026-09-06,942313,vestel sp 202 a,,05,18810.0,0.0,33.41314952911756,1.1235955056179803,1.1235955056179803
2026-09-06,942910,blackview tab 70,,08,7500.0,0.0,0.0,16.550116550116556,16.550116550116556
2026-09-06,943656,karaca inox quick mix hiz ayarli 9616b,,05,6383.7,0.0,-3.2258064516129004,0.0,1.7517294143899909
2026-09-06,943794,nort prestige,,08,670.0,0.0,0.0,0.0,0.0
2026-09-06,944521,sunday e103,,05,6248.0,0.0,0.12820512820512775,0.0,-0.4223444099131446
2026-09-06,944912,inova bora,,05,1700.0,9.819121447028433,0.05885815185402432,0.05885815185402432,6.382978723404253
2026-09-06,945247,rubenis rbt425 blk,,05,3949.0,0.0,0.0,0.0,0.0
2026-09-06,945458,e c a spylos pro 24,,05,48548.03,0.0,-0.7197750511247492,0.0,-0.9203657217494277
2026-09-06,945939,msi modern am242 12m 636xtr,,08,48723.02,0.0,0.45933793317312066,-0.32380480879192763,12.006942528735621
2026-09-06,94788,dewalt d25481k,,05,21719.22,0.08142275551747957,-2.836628148863918,-3.9114998440496485,-27.61466422262956
2026-09-06,948309,susler sv 2017,,05,3730.1,0.0,0.8162382767101795,-0.18757810179523826,19.24872122762149
2026-09-06,949506,arzum ar1114 technoart maxi neo,,05,3155.6,0.0,-1.3026819923371624,-1.3026819923371624,-8.775013442647595
2026-09-06,95037,makita hm1203c,,05,26899.0,0.0,-3.2375265297312827,11.016186679213202,11.006657345612481
2026-09-06,950600,nespresso vertuo next premium,,05,8708.71,0.0,-3.225802866985228,0.0,0.0
2026-09-06,951043,taks 5dk34s 1 m,,08,143.9,0.0,0.2787456445993097,0.6997900629811094,1.4809590973201558
2026-09-06,951551,sunday swd b403,,05,7656.0,0.0,-3.0886075949367098,-9.375,-11.989883894700537
2026-09-06,951687,asrock b650m pg lightning,,08,7559.0,0.0,0.0,18.430432500607118,19.384362685871782
2026-09-06,952122,fsp cmt218 750w,,08,5599.0,0.0,5.661445555765243,5.661445555765243,0.0
2026-09-06,952547,ninja creami 7 in 1,,05,9999.0,11.112345816201795,0.0,-4.765079576733678,-9.091735612328389
2026-09-06,955881,torima tk 05,,08,1190.0,0.0,0.0,0.0,0.0
2026-09-06,956140,lg 25ms550 b,,08,4499.0,0.0,0.0,12.503125781445368,12.503125781445368
2026-09-06,956656,marc jacobs daisy wild edp 100 ml kadin parfumu,,13,4346.32,0.0,13.718472004186278,0.22136545592059687,0.22136545592059687
2026-09-06,956922,arcelik ekolojik 21325 t,,05,40797.6,0.0,0.0,-0.3721611721611784,-4.003388315019185
2026-09-06,957341,grundig gac 09002,,05,24250.0,0.0,-1.0204081632653073,-1.0204081632653073,-1.0204081632653073
2026-09-06,959480,phixi ultimate upd4145,,08,782.8,0.0,29.089709762532976,29.089709762532976,29.089709762532976
2026-09-06,960964,simfer gusto sk 4643,,05,2149.14,0.0,-2.267394270122791,-2.267394270122791,-2.267394270122791
2026-09-06,961603,elba elb25 m3a 1 m,,08,159.57,0.0,0.0,0.0,0.0
2026-09-06,962043,coral high 16545 kabin boy valiz,,03,3399.96,0.0,1.190490362980512,1.190490362980512,1.190490362980512
2026-09-06,962187,smartberry z40,,08,4299.0,0.0,0.0,0.0,0.0
2026-09-06,962620,sage sgr820,,05,54860.7,3.3333333333333215,3.3333333333333215,3.3333333333333215,9.723594471889442
2026-09-06,962712,kress kuy02p,,05,3575.0,0.0,0.0,0.0,0.0
2026-09-06,962892,hoover hre h11a2tbe 17,,05,16449.0,0.0,0.0,-0.10384972762219613,-0.10384972762219613
2026-09-06,962969,newest m19,,08,399.0,0.0,-7.20930232558139,-8.904109589041099,-11.1358574610245
2026-09-06,962982,lexar thor oc,,08,24999.0,0.0,-7.407681765991336,-3.8463017808377242,-3.8463017808377242
2026-09-06,963393,lydsto w2 plus,,05,25999.0,0.0,0.0,0.0,-3.703840882995668
2026-09-06,963580,bucca juliet 180x200 cm,,05,32719.0,0.0,0.0,0.0,0.0
2026-09-06,963602,bucca luna 120x200 cm,,05,29719.0,0.0,0.0,0.0,0.0
2026-09-06,964642,devialet gemini ii,,08,32299.05,0.0,6.250195318603713,6.250195318603713,6.250195318603713
2026-09-06,965515,bood frekans 07,,09,7897.0,0.0,-2.505089562723539,-2.505089562723539,0.856842543528602
2026-09-06,966734,valeo m625,,09,61500.0,0.0,0.0,0.0,-0.8064516129032251
2026-09-06,967101,g skill ripjaws m5,,08,33016.0,0.0,0.0,0.0,0.8122137404580121
2026-09-06,967473,intel core ultra 9 285k,,08,27899.1,0.0,-6.968888592483912,-4.189657025683157,-3.0038486811226894
2026-09-06,967580,redmi pad pro 6gb 126 gb,,08,23801.5,0.0,0.7893254739552269,0.7893254739552269,-1.9953800733752969
2026-09-06,967790,karaca dijital gostergeli,,05,3153.3,0.0,,43.966579920558836,40.816326530612244
2026-09-06,967812,berghoff gem retro,,05,3610.0,0.0,-2.3268398268398216,2.2286410103927734,8.440973265244821
2026-09-06,967814,berghoff gem natural,,05,3600.0,0.0,-5.263157894736848,-2.967574997978484,-5.090822809838913
2026-09-06,968339,avocado siesta 85x180 cm,,05,3938.35,0.0,0.0,0.0,-4.787979885891103
2026-09-06,969445,hadron hdx7831,,08,635.5,0.0,0.0,0.0,5.262286121279369
2026-09-06,970012,lg f4y9ldp2z apbpltk,,05,50099.88,0.0,0.54361917758734,0.17371483414312383,0.13767464172211863
2026-09-06,970510,dahua ddr c300u32g32,,08,13047.0,0.0,0.0,7.018061912495699,1.0001703076375268
2026-09-06,970868,corby cx028 phoenix,,09,2389.0,0.0,0.0,9.336384439359268,8.590909090909093
2026-09-06,971090,senna 50snf9000u,,09,17940.0,0.0,1.098901098901095,0.0,0.0
2026-09-06,972122,panasonic kx tu110,,08,2920.0,0.0,-0.16582046942578144,4.694396339998641,-6.966667303881269
2026-09-06,972629,ninja creami deluxe 11 in 1,,05,24697.0,0.0,-0.012145748987857363,-0.008097493825665047,-6.8037735849056595
2026-09-06,973587,opalin p c misty 150x190 cm,,05,8739.0,0.0,0.0,0.0,1.995798319327724
2026-09-06,974260,philips homerun 9000 serisi xu9100 10,,05,36099.05,0.0,-3.7332995546547787,-3.989334822734636,-3.372547445060081
2026-09-06,974583,linktech safe k621 0 3 m,,08,272.56,0.0,2.527836292506791,2.527836292506791,2.527836292506791
2026-09-06,975046,kanz smart travel sistem,,13,23999.0,0.0,,20.001000050002492,6.6669629761322735
2026-09-06,975589,altus alk 484 xe,,05,54385.1,0.0,-2.5269289362846115,-0.5376825880455183,-0.5376825880455183
2026-09-06,975635,arcelik 6467 wf,,05,29255.6,0.0,0.0,-2.150602369341703,16.509757068896857
2026-09-06,976684,homend handmaid 1937h,,05,2799.0,,0.0,12.5,0.0
2026-09-06,977591,tcl onetouch 5041,,08,2789.07,0.0,3.4494653328734026,8.145405195812327,19.929050567595464
2026-09-06,982223,isikgaz 2182,,05,3086.15,0.05219578932353919,2.6117169836414433,3.05957863170514,3.8761490277651633
2026-09-06,982240,worx wx925,,05,9979.0,0.0,-0.170068027210879,-0.170068027210879,-3.4259169650633914
2026-09-06,982905,coral high 16607 diamond abs orta boy valiz,,03,2246.0,0.0,20.99663299663299,44.04361071027738,44.04361071027738
2026-09-06,985330,braun exactfit 2,,06,1614.8,0.0,8.521505376344084,8.521505376344084,9.925119128658944
2026-09-06,985472,tefal sm 1552,,05,6299.1,0.0,-3.2258064516128893,0.0,0.0
2026-09-06,986916,aryildiz tea joy,,05,1455.27,0.0,-15.370121600167487,-11.066635703634898,-9.010366517025359
2026-09-06,987448,york ylke48bz2eehorx ylke78bx2eeh rx,,05,128800.0,0.0,0.0,-2.127659574468088,-2.127659574468088
2026-09-06,987459,hello hl 21808,,08,741.62,0.0,6.766289482018939,6.766289482018939,6.766289482018939
2026-09-06,987594,mcs v375 polipropilen buyuk boy valiz,,03,4274.25,0.0,0.0,0.0,0.0
2026-09-06,988121,total trhli20288 solo,,05,9850.0,0.0,1.025641025641022,1.025641025641022,
2026-09-06,988388,dji flip fly more combo dji rc 2,,09,35593.1,0.0,1.0862918875872873,-2.4846575342465815,-2.481985807830356
2026-09-06,990934,electrolux ew8d394mt,,05,36799.08,0.0,0.0,-9.063506149116352,-7.9999999999999964
2026-09-06,990936,electrolux ew7d285ut,,05,26472.0,2.7676454283305008,2.7676454283305008,0.5810997809192253,0.5810997809192253
2026-09-06,991251,kingston kth pl556d4 64g,,08,139760.8,0.0,0.020610883691629667,1.6546424033300866,6.06500770287397
2026-09-06,991769,delonghi dragon 4 pro 2500w,,05,9890.0,0.0,-3.9805825242718473,2.1483164635405894,2.1483164635405894
2026-09-06,993154,avocado aura 60x90 cm,,05,2470.0,0.0,0.0,0.0,1.9818331957060176
2026-09-06,993303,philips f1 max,,08,2999.0,0.0,0.0,-20.97350939279512,-16.671297582661847
2026-09-06,993628,proforce hera,,09,13999.0,0.0,2.0408163265306145,27.275206836985188,12.000960076806155
2026-09-06,994068,altus al km 846,,05,16939.3,3.9980746668271117,13.224560183947375,15.241016067737846,16.672291596355038
2026-09-06,994610,lg gtl539bvam,,05,49839.11,0.0,-1.1111111111111072,-7.703642660049259,-7.703642660049259
2026-09-06,995432,ugur ued 280 dgt g d s r64,,05,29939.0,0.0,1.1111111111111072,-0.303030303030305,-1.3866930171278047
2026-09-06,996891,mifa m100 plus,,09,5999.0,0.0,0.0,0.0,0.0
2026-09-06,997002,lenovo thinkpad e16 g2 21ma002utxh33,,08,161491.79,2.040819034518404,-4.081632046987771,-4.081632046987771,-4.081632046987771
2026-09-06,997018,catpower 4225 1x2 0ah,,05,5413.6,0.0,-0.008311707501773569,1.0554296573120237,1.0554296573120237
2026-09-06,997170,heyner cloudy 80x170 cm,,05,5590.0,0.0,0.0,0.0,1.9886881955847535
2026-09-06,997551,palit geforce rtx 5070 ti gamingpro,,08,67619.02,0.0,0.36814059461787174,10.310151878497198,21.37240760611445
2026-09-06,997601,dreamwater dws 300,,05,69000.0,0.0,0.0,0.0,0.0
2026-09-06,999049,wison ws 6060,,13,1564.0,0.0,0.0,0.0,2.2222222222222143
2026-09-06,999132,lexar professional silver plus 512 gb,,08,7999.0,0.0,0.0,0.8828351620633113,3.0927835051546504
2026-09-06,999775,regal km 101132,,05,24749.01,1.268256635075149,3.469740474968086,1.268256635075149,
