month,prev_month,n_matched,avg_inflation,basic_index,median_inflation_nonzero,pct_increased,pct_decreased,pct_unchanged,tuik_weighted,covered_weight,groups,n_03,avg_03,basic_03,n_05,avg_05,basic_05,n_06,avg_06,basic_06,n_07,avg_07,basic_07,n_08,avg_08,basic_08,n_09,avg_09,basic_09,n_13,avg_13,basic_13
2023-10,2023-09,642,0.873704174578371,0.5899179548947586,0.5639055558287143,50.77881619937694,41.1214953271028,8.09968847352025,1.1214900989823684,30.551,"03,05,06,08,09,13",22,1.9942446403707657,1.8217649747001685,265,1.290615307987383,1.0341764245565654,74,-0.07048023717799978,-1.8264461496718676,7,3.5390874946401967,4.70618642364824,166,0.6225572947370407,0.41501803000854043,35,1.5272043307176444,-0.48938107227105565,73,-0.018124603264038038,-1.9315154559145342
2023-11,2023-10,667,-0.44626570088052564,-0.3311585391157834,-0.3160745463111736,44.527736131934034,49.02548725637181,6.446776611694154,0.7395607971531014,30.551,"03,05,06,08,09,13",24,3.072594173356086,1.264993974786166,279,-1.1664471929303186,-0.8244986551428135,74,-0.631865979840659,-0.5789441600100531,8,3.078388432685565,2.1532408690017046,168,-1.1648718948704873,-0.2961286235911076,36,1.3365410901695247,0.29051100915136185,78,1.586554593827761,6.446868964341612
2023-12,2023-11,698,4.42882262048004,3.8451720256251543,3.376740313191684,67.3352435530086,24.068767908309454,8.595988538681947,3.5332603921694985,30.551,"03,05,06,08,09,13",28,0.8662555609445223,0.34724388733058387,289,5.065706481477223,4.28226262279674,77,6.476329137961762,4.89342545070659,8,8.188370706311115,9.096343445129085,175,2.9577030956671204,3.0131002196446044,38,2.408391751404407,3.084484731764081,83,5.177983405699349,5.629071079605175
2024-01,2023-12,731,6.252227623328459,4.337226260208782,4.581949387387652,72.2298221614227,21.751025991792066,6.019151846785226,5.7223477056141885,30.551,"03,05,06,08,09,13",31,2.4058115640403837,2.637826326429993,300,5.851893056394147,4.390129471856241,81,10.1070713451273,4.278592086619359,9,1.9323709656704873,1.668704377127006,172,4.777168809762322,4.025611428980014,48,6.370148593161926,4.6657657869258795,90,8.630289242804112,6.206138542685724
2024-02,2024-01,765,3.625127173250142,2.7936748519178822,2.0513129366417804,63.66013071895424,29.80392156862745,6.535947712418301,3.5214167334720976,30.551,"03,05,06,08,09,13",29,2.611728140753259,1.7161892127178113,302,2.7817813436845165,3.0092102130561127,90,6.827505219854689,7.8998327170101135,5,5.565881835386587,3.648229583266538,183,3.3562228150497657,1.5464666545999206,50,4.487694942759208,2.6402985171624094,106,3.551941550998754,4.850876977720819
2024-03,2024-02,803,2.4730443113068876,2.5808187299484198,1.7396306928519012,57.16064757160647,34.49564134495641,8.34371108343711,2.4966171569179574,30.551,"03,05,06,08,09,13",29,1.8539836739930737,2.904635457591742,326,2.54904220544774,2.3064343081208083,90,1.9557037017899828,2.788163471032923,1,67.94870983554766,67.94870983554766,190,1.2978834562810417,1.3052310354625396,51,3.5103080676453975,3.2681831087857383,116,3.719962804463009,10.647522477020788
2024-04,2024-03,821,1.9574144577072015,1.9038516940167227,0.8499734362087952,53.593179049939096,37.51522533495737,8.891595615103533,2.7506665170246234,30.551,"03,05,06,08,09,13",35,4.78886201811565,2.3783188281770062,328,1.99543375641794,2.0852880362195236,91,1.7484652040261206,-0.9601258760317477,1,-1.1784597176430878,-1.1784597176430878,199,0.9282040550160392,-0.690783628233449,49,2.3368500296552237,4.16658331023132,118,2.777751650749567,8.685646397895486
2024-05,2024-04,830,0.9742761903194807,-0.0818838339476935,0.16560105250853496,46.74698795180723,42.89156626506024,10.361445783132531,1.3960141994579345,30.551,"03,05,06,08,09,13",33,1.8671172919045236,2.256911228996694,330,1.1234553819451252,1.3432621068765416,95,0.3686641914826668,0.8070590569789315,1,2.2741935483870934,2.2741935483870934,202,-0.07633905611132134,-2.5455092665824686,48,1.972377495103089,-0.1449226792321845,121,2.1466377613283174,-4.877866098524963
2024-06,2024-05,843,1.241832426428651,-0.8353650115367706,0.23197411192144024,47.09371293001186,42.58600237247924,10.320284697508896,2.515592799575715,30.551,"03,05,06,08,09,13",30,6.466531545067402,1.257431358464478,332,0.6424007127883727,0.48655489382574135,94,1.84027046285554,2.1848575765401668,4,-15.274172339033914,-20.18632288252412,207,1.5706868434222874,-2.856874557469302,50,1.338281089240893,-0.954862581098237,126,1.0766411688797446,-5.929656697537156
2024-07,2024-06,852,0.8515361175063859,0.7974691461594574,0.34526341253171555,49.06103286384976,41.78403755868544,9.15492957746479,0.33877592326959827,30.551,"03,05,06,08,09,13",29,-1.288245140000778,-0.5713598377917517,333,1.7729119846336054,1.331418310971877,99,-1.590166027530217,0.17369902662114356,9,2.5082239218390097,1.8088387776219017,206,0.7124198275281498,0.15375189533606282,49,1.1664471895344843,0.06274446494833885,127,0.8143796453812955,0.6321266476931209
2024-08,2024-07,855,1.9079072508414308,0.9973616771019822,0.8768971332208997,57.30994152046783,33.567251461988306,9.12280701754386,2.0159839924361638,30.551,"03,05,06,08,09,13",28,2.554140788528998,1.7537960425562105,338,2.0263595740155114,1.3796493263537046,102,2.7229563538805563,-2.0305150760493107,9,4.026044620766061,3.5228071738429234,202,2.1936370857429104,1.975564745154701,49,2.602222391393409,-0.5088310398106088,127,-0.07688438431249967,-1.1467827673503073
2024-09,2024-08,848,1.620654481430789,1.1826303250682901,0.8792199642870813,53.77358490566038,38.325471698113205,7.900943396226415,1.4801316596552319,30.551,"03,05,06,08,09,13",28,1.245241672904631,3.4783058336395944,334,1.1578408550012587,1.2456305288662373,105,2.717571553269761,-0.08501158572443712,6,3.0743625970584407,4.178322124088107,205,2.0405120941188666,1.3420494306581876,49,1.4777953447363164,1.5673047257857675,121,1.3076136196647627,-1.2935317048280548
2024-10,2024-09,859,1.3811887767625337,1.1400852913339588,0.8150372101991654,53.20139697322468,37.60186263096624,9.19674039580908,1.4609842053677742,30.551,"03,05,06,08,09,13",31,2.1348749877876605,1.0391470421848403,335,1.214448304024484,1.1484281670332441,107,0.4234384381469281,0.42113531688561245,7,4.558036346104221,3.7760574617911935,211,1.8772249435056654,1.9337638252247658,47,0.8553499135771954,0.6953843606574805,121,1.6521469127861375,-1.1801813143652917
2024-11,2024-10,878,-0.7506722316035207,-0.5320139182933836,-0.9423255245489259,37.81321184510251,54.32801822323462,7.858769931662871,-1.2552475447821159,30.551,"03,05,06,08,09,13",30,-2.5032665734728443,-0.8586902837187993,347,-0.947300872689129,-0.05358113411262355,105,-0.9368288491437269,-1.725757686833762,7,1.1430730000283096,0.08142690518191387,214,-0.1588623155552492,-0.6075157202007353,51,-1.2884988485019582,-0.7305862137065189,124,-0.5258332609537238,-3.5473277844742523
2024-12,2024-11,898,3.456605996812998,3.726779885227538,2.260001327892658,64.47661469933185,29.398663697104677,6.124721603563475,3.3049986648628447,30.551,"03,05,06,08,09,13",29,2.703240860273663,2.2666728955271997,355,4.221314687339982,3.7556021725735134,106,1.6077936441409928,2.018840359517493,9,1.959828159810949,3.976904925106517,222,3.3356601161649406,3.366135131707293,51,3.964345719337862,3.8684963751979495,126,3.1453073729551693,6.070250266121069
2025-01,2024-12,897,3.213171613179897,1.9150488266146404,1.91942782075607,61.42697881828316,31.438127090301005,7.1348940914158305,2.8560175460437582,30.551,"03,05,06,08,09,13",35,1.9795557221732574,3.555043176637196,351,2.74185118522889,1.7921109999575968,104,5.549244295346243,4.321939760008764,11,8.016501239134868,5.898158197719372,211,2.5736021679523033,1.0227687773162408,48,1.9347435424112234,2.8787309132725314,137,4.009781408107996,1.301877866375789
2025-02,2025-01,912,1.9965418454740236,1.6630574760867267,0.521202824036493,52.52192982456141,40.57017543859649,6.907894736842106,2.461705633775321,30.551,"03,05,06,08,09,13",35,3.9599971167068895,2.0591227743038454,359,1.3310569678511757,1.8608320289554392,114,3.283155309843534,1.1249804330382585,10,0.7421822063335103,0.11171208676299393,208,1.804567843749986,1.6234714679124629,48,1.4532494686144293,0.22261861589250032,138,2.73615361702905,3.5038647501654863
2025-03,2025-02,939,1.7140281538829798,0.992219806942729,0.8736232483582462,54.9520766773163,36.52822151224707,8.519701810436635,1.5049533547437128,30.551,"03,05,06,08,09,13",36,0.29623081577986937,-0.22859699110368004,373,0.8036828233285407,0.23491370891663976,114,2.919070789814697,3.1795554984123564,11,1.1060086683892396,2.999213296338721,213,2.4776564748035046,3.6484810511580257,51,2.891430118874456,2.1592781308743314,141,1.9779468329049397,-3.1538131913768197
2025-04,2025-03,948,2.0855210857566213,1.7850181936650555,0.7903831695189378,53.48101265822785,38.81856540084388,7.700421940928271,2.146815941220572,30.551,"03,05,06,08,09,13",36,2.9444087239228858,3.7534514649589346,383,1.1959826673197433,0.7058325303725743,111,3.655116835450978,5.351298701974994,14,1.4671697083642603,2.2012680311843003,210,3.3926616082355414,4.340726599315214,48,1.2815853172129958,3.214108090139134,146,1.4574009318133287,-0.9424027101063603
2025-05,2025-04,992,0.6128371496428879,0.2705613127238271,0.07942409196718403,46.270161290322584,44.25403225806452,9.475806451612904,1.4904089619062204,30.551,"03,05,06,08,09,13",36,2.1303106065987176,1.7896826172428604,395,0.2858963471041744,-0.4703701359725754,111,1.863949310922521,1.1020537228582317,13,1.901689778826829,-0.21512616953375252,225,-0.7080964425322939,-1.2214729836830251,51,4.72342339542781,6.6735721512002355,161,0.6529253370673368,-2.243805203058613
2025-06,2025-05,991,1.3056239144340909,1.0230869417206856,0.20966170444449705,47.023208879919274,43.18869828456105,9.788092835519677,1.0444190761493377,30.551,"03,05,06,08,09,13",38,0.4284626339865357,-1.320300876517,389,1.4879014612166137,1.4935364746768043,110,0.6611548071646608,0.8827938725513684,14,0.10910941437577283,-0.02274651840722397,224,0.6986134156096107,-0.26570926024925834,54,-0.09131147977493624,0.3754049511773605,162,2.919659906921935,3.2171149817571854
2025-07,2025-06,950,2.184107726275857,1.7057598598748225,1.109652466633615,55.57894736842105,37.68421052631579,6.7368421052631575,1.784017418172644,30.551,"03,05,06,08,09,13",37,1.387941252372714,-0.6557370192139311,393,1.767603568213377,3.1516055879496685,96,3.0747914078483585,5.500744522450751,13,1.1124560725081762,1.3220492535207073,222,2.2373322664098683,2.3539615512973233,46,-0.8347893166432379,-4.034133399672202,143,3.922733934566194,1.9188038662262485
2025-08,2025-07,941,2.164392980919015,2.2173355373714676,1.27454966945717,59.29861849096706,33.04994686503719,7.65143464399575,2.0542103278936494,30.551,"03,05,06,08,09,13",37,0.9318426648641952,0.6261209612828722,387,2.1836313697680803,2.348719319420778,98,2.2088119406408597,0.391791079852033,11,4.618680433795184,5.6310499352721255,217,2.5299569680870553,2.554853524830225,44,4.56363098193624,3.829710745988124,147,0.9529305857818645,-1.9501213618517643
2025-09,2025-08,947,0.7385744543592886,0.2557626174575889,0.15032902201044251,47.83526927138332,43.50580781414995,8.658922914466736,0.32192040579493647,30.551,"03,05,06,08,09,13",35,-1.1511854177511711,-3.154425681252704,389,0.43802987038877567,0.06318254569979143,98,2.426158724788394,6.7024347333417555,12,0.8697030041473616,2.026606764471528,219,0.736541557832421,1.2426099205980146,52,0.5001046992866575,-0.5711497622492678,142,0.9423932514863819,-0.7772034777248638
2025-10,2025-09,978,2.0065600301805486,1.259697758655487,1.1388686770690049,54.805725971370144,36.9120654396728,8.282208588957054,2.8159490884202407,30.551,"03,05,06,08,09,13",32,5.689095096957805,5.031562926259303,397,2.203730564449466,1.4295192031039683,102,1.5028266442309286,0.5203073257450397,16,0.06544557767038056,0.19682663377489362,229,1.9140753062900309,0.07261883669136271,54,1.4738484593198595,1.1309815709511506,148,1.5759265096589088,3.838211234200095
2025-11,2025-10,1011,-0.0492862203746089,-0.2872981176309741,-0.8862302109239328,40.0593471810089,53.51137487636004,6.429277942631058,-0.7699507566992859,30.551,"03,05,06,08,09,13",32,-3.04971581812962,-1.6232565840366142,411,0.14616260522606017,-0.20731605321270274,106,-1.322200276661447,-0.33452601398881177,15,-0.5786197100711916,0.24754841719962783,230,0.24913191680344293,0.5400921884325172,57,0.042942181941927705,-1.487093762123104,160,0.47983866484504334,-0.3532954328535398
2025-12,2025-11,1010,2.953339307546529,2.547711604383318,1.9111233355259216,63.86138613861386,30.099009900990097,6.03960396039604,2.550748889930705,30.551,"03,05,06,08,09,13",35,2.242429912298414,0.9350468949051782,411,2.2461325038763262,2.2505026024119523,96,1.1338503522355061,-3.875541756372891,15,1.4123094818148516,-0.36975961241909605,237,5.117094458870187,5.22138743327647,58,1.9383022448557217,1.8564103106334606,158,3.3292405164726686,1.5642738974015913
2026-01,2025-12,960,5.123248575455798,4.31332571076033,3.7976327935242526,70.41666666666667,24.0625,5.520833333333333,5.554136997838652,30.551,"03,05,06,08,09,13",32,5.797074589681497,5.6402029194147385,383,4.453171946212006,4.169434976275865,92,4.326791987276153,4.423035028388611,12,2.1200079570455483,2.3256501409771646,239,3.913625133235067,3.35081378699309,57,4.925687176837089,3.4059680559043404,145,9.569805902977318,11.986378672116228
2026-02,2026-01,992,2.665677644128761,0.5284798185175132,1.429726640362261,59.778225806451616,33.971774193548384,6.25,3.2381406060841664,30.551,"03,05,06,08,09,13",33,5.173295173447398,3.6996558118710388,401,1.7683829111456362,0.4464300972351509,93,3.5284619970092517,2.1625222924621657,13,1.3473748596131898,1.1335196524667746,244,3.2756690935600874,0.5066036831904208,57,2.1116366507365516,0.5078788578591675,151,3.3061095898350326,-0.10945356274363327
2026-03,2026-02,1012,2.096526616895363,0.7539544684497912,0.6302766418744499,54.24901185770751,37.74703557312253,8.003952569169961,2.1096508199200414,30.551,"03,05,06,08,09,13",34,2.0170964612647246,1.9060358703407276,401,1.4233402079819808,0.7524797398624328,92,4.255460326625617,1.9714963389259488,13,-1.7324320826311737,-4.423232817425127,252,2.7046842484907456,0.3456170573415074,61,1.819977701231362,1.7220427678013905,159,2.017386351221385,-0.46611853843899764
2026-04,2026-03,1012,2.6435123928524202,1.0159908362265657,1.0984989380177224,55.03952569169961,37.45059288537549,7.5098814229249005,2.048872784402128,30.551,"03,05,06,08,09,13",31,0.3117950933146168,-1.7489702351623837,399,2.141174777078416,1.1823205706029238,91,2.075345606003116,-2.1182048160541034,13,1.9199296710792082,2.057028015784801,260,3.7255621094486298,0.5901102725229812,63,3.0207253870698976,1.9809980939805794,155,2.8288566058532076,0.36636269011398603
2026-05,2026-04,1014,1.0629455709631177,0.907678105966081,0.47734309457212465,50.197238658777124,40.828402366863905,8.974358974358974,1.7916306608079924,30.551,"03,05,06,08,09,13",33,3.5396019790064144,5.8874057934948265,387,1.08940011407224,0.7447319147751763,88,0.683991032150437,0.06762175003698356,14,1.1407620224291561,1.0484195056678747,269,0.5773069172379102,0.49164928218881077,64,2.2642417926933613,2.7233058902595753,159,1.0254917288730394,-1.193973398314041
2026-06,2026-05,1026,1.154861151556108,0.9440714681884899,0.34127117608584445,47.85575048732944,41.71539961013645,10.428849902534113,1.7119616710285515,30.551,"03,05,06,08,09,13",29,3.61179123384609,2.7557588251335696,390,0.945596745467183,0.7043835471430837,89,0.4059020738103237,-0.2057891595658834,14,1.1583594029958806,1.5726829559548516,284,1.2818058538729746,1.1180249324872493,63,1.0699468744935194,1.3634656849592641,157,1.4495607208837664,1.2949925212851099
2026-07,2026-06,1020,1.8487897124071546,0.0966696067108197,0.5939342560619787,51.86274509803922,39.411764705882355,8.72549019607843,2.0637062165759072,30.551,"03,05,06,08,09,13",29,3.723170123275972,4.348397722454367,398,0.9468848345018079,1.4289298053485,89,1.0990663085936745,-0.08827109723427151,1,-12.907852338219627,-12.907852338219627,280,3.198756359448044,-0.9070129319240339,74,0.2130322314486676,-1.7733015116120687,149,2.7154912352302287,-2.0325096830671963
2026-08,2026-07,1060,-0.030248203530298827,0.004871412824858368,0.27676072094111603,48.0188679245283,41.79245283018868,10.18867924528302,-0.5133942712418021,30.551,"03,05,06,08,09,13",29,-1.7229948986678343,-2.8009167203977947,409,0.08412824403580839,0.554623604482396,86,0.5523645244200293,1.5726464075090263,1,6.956772579910253,6.956772579910253,291,-0.22796441402194284,0.7797142634106358,82,-1.6666778958554735,-3.2028645058203464,162,0.8150642886981868,-1.0277664689754107
2026-09,2026-08,1043,0.9124868342285556,0.865887006860877,-0.12468306838070431,42.56951102588686,45.06232023010546,12.36816874400767,0.6909821034079319,30.551,"03,05,06,08,09,13",26,0.6171635750715985,-0.3122135569550766,394,0.1308780697369556,0.710812387668236,111,1.3784919393101869,4.24424726421333,1,6.602419859545416,6.602419859545416,280,1.4562690485613095,1.4754946569057514,69,-0.8078144616514383,-0.7407212311518863,162,2.2992616963331343,0.4983213919222296
