date,operator,segment,group,product_id,product_name,price,list_price,period,data_gb,minutes,sms,commitment_months,url
2026-10-09,turkcell,faturali,ek-paketler,1dcb04ad-fd6e-4c99-b85a-adc1899998e1,1 GB İnternet Paketi,130.0,,1_hafta,1,,,,https://www.turkcell.com.tr/paket-ve-tarifeler/ek-paketler/haftalik-1gb-internet-paketi
2026-10-09,turkcell,faturali,ek-paketler,842ee815-3d03-4182-a6ed-760e44104255,3 GB İnternet Paketi,300.0,,15_gun,3,,,,https://www.turkcell.com.tr/paket-ve-tarifeler/ek-paketler/3-gb-internet-paketi
2026-10-09,turkcell,faturali,ana-paketler,b1c2f9ab-45dd-4b86-881b-949946b18232,Star+ 1,500.0,,1_ay,1,2000,250,,https://www.turkcell.com.tr/paket-ve-tarifeler/ana-paketler/star-plus-1
2026-10-09,turkcell,faturali,ek-paketler,a3d239ee-e314-4882-ab9a-f2160025306d,10 GB İnternet Paketi,600.0,,3_hafta,10,,,,https://www.turkcell.com.tr/paket-ve-tarifeler/ek-paketler/10-gb-internet-paketi
2026-10-09,turkcell,faturali,ana-paketler,8d716c21-5cf6-45ef-8dfd-65e50a4dfd6a,Star+ 5,700.0,,1_ay,5,1000,250,,https://www.turkcell.com.tr/paket-ve-tarifeler/ana-paketler/star-plus-5
2026-10-09,turkcell,faturali,ana-paketler,e412a251-5871-4add-80ac-16ea9b7327f0,Star+ 10,800.0,,1_ay,10,1000,250,,https://www.turkcell.com.tr/paket-ve-tarifeler/ana-paketler/star-plus-10
2026-10-09,turkcell,faturali,ana-paketler,14fd5558-42da-42a0-8032-1d3cf04ac33e,Star+ 20,1000.0,,1_ay,20,1000,250,,https://www.turkcell.com.tr/paket-ve-tarifeler/ana-paketler/star-plus-20
2026-10-09,turkcell,faturali,ana-paketler,b1b874ec-5968-415d-9c4f-e3b341663955,Star+ 30,1200.0,,1_ay,30,2000,500,,https://www.turkcell.com.tr/paket-ve-tarifeler/ana-paketler/star-plus-30
2026-10-09,turkcell,faturali,ek-paketler,c0db4dc0-93fc-4b2e-9df2-c1d936f91ee7,5G+ Boost,50.0,,1_gun,,,,,https://www.turkcell.com.tr/paket-ve-tarifeler/ek-paketler/5g-plus-boost
2026-10-09,turkcell,faturali,mobil-wifi-paketleri,78501077-e286-48e8-8705-73fe32dd05db,Bireysel Standart İnternet Tarifesi,150.0,,2_gb,2,,,,https://www.turkcell.com.tr/paket-ve-tarifeler/mobil-wifi-paketleri/bireysel-standart-internet-tarifesi
2026-10-09,turkcell,faturali,superbox-ve-ek-paketler,7cc4d685-c7d4-4c7a-9db8-05a27ac08324,Superbox Ek 20 GB,150.0,,1_ay,20,,,,https://www.turkcell.com.tr/paket-ve-tarifeler/superbox-ve-ek-paketler/superbox-ek-20-gb
2026-10-09,turkcell,faturali,superbox-ve-ek-paketler,be24a917-c675-4baf-9a6e-9c0882d831b2,Superbox İlinde Ek 50 GB,300.0,,1_ay,50,,,,https://www.turkcell.com.tr/paket-ve-tarifeler/superbox-ve-ek-paketler/superbox-ilinde-ek-50-gb
2026-10-09,turkcell,faturali,superbox-ve-ek-paketler,1aec0963-ce70-45a6-bd89-b7fb6a99c7c5,Superbox Yanımda Aylık,300.0,,1_ay,,,,,https://www.turkcell.com.tr/paket-ve-tarifeler/superbox-ve-ek-paketler/superbox-yanimda-aylik
2026-10-09,turkcell,faturali,superbox-ve-ek-paketler,0b7782cf-41d8-4daa-8661-cef0cdb23be0,Superbox Ek 50 GB,300.0,,1_ay,50,,,,https://www.turkcell.com.tr/paket-ve-tarifeler/superbox-ve-ek-paketler/superbox-ek-50-gb
2026-10-09,turkcell,faturali,mobil-wifi-paketleri,98c95fe9-f232-4c4a-b16a-55c9e82dfab4,Turkcell Mobil Wifi 20 GB Paketi,415.0,,1_ay,20,,,,https://www.turkcell.com.tr/paket-ve-tarifeler/mobil-wifi-paketleri/turkcell-mobil-wifi-20-gb-paketi
2026-10-09,turkcell,faturali,ek-paketler,5e129ea5-baf7-4c2d-81d7-661012f33bb0,5G+ Yayıncı,500.0,,1_ay,5,,,,https://www.turkcell.com.tr/paket-ve-tarifeler/ek-paketler/5g-Plus-yayinci
2026-10-09,turkcell,faturali,superbox-ve-ek-paketler,a7016131-b023-4732-8fbe-79f1082417e1,Superbox Ek 100 GB,500.0,,1_ay,100,,,,https://www.turkcell.com.tr/paket-ve-tarifeler/superbox-ve-ek-paketler/superbox-ek-100-gb
2026-10-09,turkcell,faturali,mobil-wifi-paketleri,9a30e2cb-d498-4a92-b8bf-bd66a8092b6c,Turkcell Mobil Wifi 50 GB Paketi,535.0,,1_ay,50,,,,https://www.turkcell.com.tr/paket-ve-tarifeler/mobil-wifi-paketleri/turkcell-mobil-wifi-50-gb-paketi
2026-10-09,turkcell,faturali,mobil-wifi-paketleri,cae1d329-364e-4f97-9801-667b0616c260,Turkcell Mobil Wifi 100 GB Paketi,635.0,,1_ay,100,,,,https://www.turkcell.com.tr/paket-ve-tarifeler/mobil-wifi-paketleri/turkcell-mobil-wifi-100-gb-paketi
2026-10-09,turkcell,faturali,superbox-ve-ek-paketler,3d336de4-cafe-4f7b-9e72-3236d9f8a860,Superbox Ek 200 GB,800.0,,1_ay,200,,,,https://www.turkcell.com.tr/paket-ve-tarifeler/superbox-ve-ek-paketler/superbox-ek-200-gb
2026-10-09,turkcell,faturali,mobil-wifi-paketleri,5141b988-571c-4159-ba8e-d988d516b2a4,Turkcell Mobil Wifi 200 GB Paketi,815.0,,1_ay,200,,,,https://www.turkcell.com.tr/paket-ve-tarifeler/mobil-wifi-paketleri/turkcell-mobil-wifi-200-gb-paketi
2026-10-09,turkcell,faturali,mobil-wifi-paketleri,5f234a16-af4a-4c3e-a214-bc00c1eb3779,Turkcell Mobil Wifi 400 GB Paketi,1400.0,,1_ay,400,,,,https://www.turkcell.com.tr/paket-ve-tarifeler/mobil-wifi-paketleri/turkcell-mobil-wifi-400-gb-paketi
2026-10-09,turkcell,faturali,ana-paketler,b49209e9-0a7c-4fc2-b45f-9b501e94fe69,Platinum+ 50 GB,1400.0,,1_ay,50,3000,1000,,https://www.turkcell.com.tr/paket-ve-tarifeler/ana-paketler/platinum-plus-50-gb-paketi
2026-10-09,turkcell,faturali,ana-paketler,db97f3ad-5275-4352-8263-1b0cdfe0f295,Platinum+ 60 GB,1600.0,,1_ay,60,3000,1000,,https://www.turkcell.com.tr/paket-ve-tarifeler/ana-paketler/platinum-plus-60-gb
2026-10-09,turkcell,faturali,mobil-wifi-paketleri,b6c94d9d-b6db-45da-8be1-38b78128ff3c,Turkcell Mobil Wifi 600 GB Paketi,1800.0,,1_ay,600,,,,https://www.turkcell.com.tr/paket-ve-tarifeler/mobil-wifi-paketleri/turkcell-mobil-wifi-600-gb-paketi
2026-10-09,turkcell,faturali,ana-paketler,2db62dbd-52ff-4b2b-b908-0837d0a20653,Platinum+ 90 GB,2000.0,,1_ay,90,3000,1000,,https://www.turkcell.com.tr/paket-ve-tarifeler/ana-paketler/platinum-plus-90-gb
2026-10-09,turkcell,faturali,ana-paketler,535ede2e-eb63-4f74-8d95-491052bae0b3,Platinum+ Black 120 GB,2400.0,,1_ay,120,3000,1000,,https://www.turkcell.com.tr/paket-ve-tarifeler/ana-paketler/platinum-plus-120-gb-paketi
2026-10-09,turkcell,faturali,ana-paketler,41f21709-667b-47b3-8556-4b17942bd857,Platinum+ Black 160 GB,2700.0,,1_ay,160,3000,1000,,https://www.turkcell.com.tr/paket-ve-tarifeler/ana-paketler/platinum-plus-160-gb-paketi
2026-10-09,turkcell,faturali,ana-paketler,34c427de-4d1b-42af-acc9-ef13e93550ea,Platinum+ Black 200 GB,3000.0,,1_ay,200,3000,1000,,https://www.turkcell.com.tr/paket-ve-tarifeler/ana-paketler/platinum-plus-black-200-gb
2026-10-09,turkcell,faturali,mevcut-musteri,1a415ddc-73d8-4fa3-8004-0b7522adb58d,Yıllık - Dev Star 120 GB,600.0,,1_ay,120,12000,6000,,https://www.turkcell.com.tr/kampanyalar/mobil-hat-data-hatti-kampanyalari/mevcut-musteri/yillik-dev-star-120-gb
2026-10-09,turkcell,faturali,mevcut-musteri,85a81c70-48f1-4036-8da7-863337374ad0,Yıllık - Dev Star 240 GB,800.0,,1_ay,240,24000,6000,,https://www.turkcell.com.tr/kampanyalar/mobil-hat-data-hatti-kampanyalari/mevcut-musteri/yillik-dev-star-240-gb
2026-10-09,turkcell,faturali,mevcut-musteri,6efa4862-66df-4837-afdf-1d60542e9fdc,Yıllık - Dev Platinum Star 480 GB,1100.0,,1_ay,480,24000,6000,,https://www.turkcell.com.tr/kampanyalar/mobil-hat-data-hatti-kampanyalari/mevcut-musteri/yillik-dev-platinum-star-480-gb
2026-10-09,turkcell,faturali,tumbara-paketler,5d512599-ae77-4f2d-b6bb-5d395007f28e,Haftalık 30 GB,0.0,,1_hafta,30,,,,https://www.turkcell.com.tr/paket-ve-tarifeler/tumbara-paketler/haftalik-30-gb
2026-10-09,turkcell,faturali,tumbara-paketler,1f83e24d-4082-42c5-a0bd-27f07dee3f0f,2 Haftalık 50 GB,0.0,,2_hafta,50,,,,https://www.turkcell.com.tr/paket-ve-tarifeler/tumbara-paketler/2-haftalik-50-gb
2026-10-09,turkcell,faturali,tumbara-paketler,341ebc06-ed4e-4fdf-a9f2-594146ce2078,3 Haftalık 100 GB,0.0,,3_hafta,100,,,,https://www.turkcell.com.tr/paket-ve-tarifeler/tumbara-paketler/3-haftalik-100-gb
2026-10-09,turkcell,faturali,tumbara-paketler,4ecf57f3-276e-46ed-bfe0-a84629e3b6e7,Haftalık 6 GB,0.0,,1_hafta,6,,,,https://www.turkcell.com.tr/paket-ve-tarifeler/tumbara-paketler/haftalik-6-gb
2026-10-09,turkcell,faturali,tumbara-paketler,38ead351-7886-42d8-916f-3a7adf62293a,Haftalık 15 GB,0.0,,1_hafta,15,,,,https://www.turkcell.com.tr/paket-ve-tarifeler/tumbara-paketler/haftalik-15-gb
2026-10-09,turkcell,faturali,tumbara-paketler,11e8f86f-1b4f-443d-af2c-9b623d6b3916,Haftalık 10 GB,0.0,,1_hafta,10,,,,https://www.turkcell.com.tr/paket-ve-tarifeler/tumbara-paketler/haftalik-10-gb
2026-10-09,turkcell,faturali,tumbara-paketler,5b031a3d-11f2-4e5f-b68b-0d2135dc20c2,Günlük 2 GB,0.0,,1_gun,2,,,,https://www.turkcell.com.tr/paket-ve-tarifeler/tumbara-paketler/gunluk-2-gb
2026-10-09,turkcell,faturali,tumbara-paketler,40ef2ae9-f729-4133-82d9-bf5315e9b239,Hotspot 200 GB,0.0,,1_ay,,,,,https://www.turkcell.com.tr/paket-ve-tarifeler/tumbara-paketler/hotspot-200-gb
2026-10-09,turkcell,faturali,tumbara-paketler,90bbea32-6167-4ab3-86d0-2442f08846ef,Haftalık 3 GB,0.0,,1_hafta,3,,,,https://www.turkcell.com.tr/paket-ve-tarifeler/tumbara-paketler/haftalik-3-gb
2026-10-09,turkcell,faturali,turkcell-one,5c3d7e72-a981-4a61-a680-fc285130b73e,Turkcell One Star,500.0,,1_ay,,,,,https://www.turkcell.com.tr/paket-ve-tarifeler/turkcell-one/turkcell-one-star
2026-10-09,turkcell,faturali,turkcell-one,a43eebbc-84d2-4b59-bd25-14f01686e27b,Turkcell One Ekstra,650.0,,1_ay,,,,,https://www.turkcell.com.tr/paket-ve-tarifeler/turkcell-one/turkcell-one-ekstra
2026-10-09,turkcell,faturali,turkcell-one,6c340482-9803-48e0-8711-17cdc303188f,Turkcell One Premium,690.0,,1_ay,,,,,https://www.turkcell.com.tr/paket-ve-tarifeler/turkcell-one/turkcell-one-premium
2026-10-09,turkcell,faturali,turkcell-one,b22830dd-b25a-4367-b2f0-02a83fece4e9,Turkcell One Elite,990.0,,1_ay,,,,,https://www.turkcell.com.tr/paket-ve-tarifeler/turkcell-one/turkcell-one-elite
2026-10-09,turkcell,faturali,turkcell-ailem-ortak-paketleri,e454ff33-bca6-4ec1-9ba6-e4c61430edc2,Turkcell Ailem Ortak Paket 25 GB,1000.0,,1_ay,25,,,,https://www.turkcell.com.tr/paket-ve-tarifeler/turkcell-ailem-ortak-paketleri/turkcell-ailem-ortak-paket-25-gb
2026-10-09,turkcell,faturali,turkcell-ailem-ortak-paketleri,9903e5d9-1250-45ef-9cbc-67d696d3844f,Turkcell Ailem Ortak Paket 50 GB,1500.0,,1_ay,50,,,,https://www.turkcell.com.tr/paket-ve-tarifeler/turkcell-ailem-ortak-paketleri/turkcell-ailem-ortak-paket-50-gb
2026-10-09,turkcell,faturali,turkcell-ailem-ortak-paketleri,61dcc81d-b931-4637-8076-738a36471e96,Turkcell Ailem Ortak Paket 100 GB,1900.0,,1_ay,100,,,,https://www.turkcell.com.tr/paket-ve-tarifeler/turkcell-ailem-ortak-paketleri/turkcell-ailem-ortak-paket-100-gb
2026-10-09,turkcell,faturali,tumbara-paketler,ac5b0a97-185f-451c-b9a8-cd8f963b01f4,Global Paket 3 GB,0.0,,1_hafta,3,200,100,,https://www.turkcell.com.tr/paket-ve-tarifeler/tumbara-paketler/global-paket-3-gb
2026-10-09,turkcell,faturali,tumbara-paketler,e459fd98-f072-4ff6-afc6-f3aa2518597a,Global Paket 1 GB,0.0,,1_hafta,1,100,100,,https://www.turkcell.com.tr/paket-ve-tarifeler/tumbara-paketler/global-paket-1-gb
2026-10-09,turkcell,faturali,tumbara-paketler,67fa8849-4bae-42fb-96a1-5e398d7698e0,Avrupa Gezgin Paketi 10 GB,0.0,,2_hafta,10,500,200,,https://www.turkcell.com.tr/paket-ve-tarifeler/tumbara-paketler/avrupa-gezgin-paketi-10-gb
2026-10-09,turkcell,faturali,tumbara-paketler,99c04b5a-7383-4b00-b667-c3f6f2c19985,Avrupa Gezgin Paketi 1 GB,0.0,,1_hafta,1,200,100,,https://www.turkcell.com.tr/paket-ve-tarifeler/tumbara-paketler/avrupa-gezgin-paketi-1-gb-tumbara
2026-10-09,turkcell,faturali,tumbara-paketler,d694403d-9709-453f-b559-d23fabb5e4b6,Avrupa Gezgin Paketi 3 GB,0.0,,2_hafta,3,200,100,,https://www.turkcell.com.tr/paket-ve-tarifeler/tumbara-paketler/avrupa-gezgin-paketi-3-gb
2026-10-09,turkcell,faturali,tumbara-paketler,c1c3d042-19ce-447e-954f-8a145b8de571,Haftalık 200 Dakika,0.0,,1_hafta,,200,,,https://www.turkcell.com.tr/paket-ve-tarifeler/tumbara-paketler/haftalik-200-dakika
2026-10-09,turkcell,faturali,tumbara-paketler,a7bbe607-4f73-4019-adef-037a9f70fc7d,Haftalık 200 SMS,0.0,,1_hafta,,,200,,https://www.turkcell.com.tr/paket-ve-tarifeler/tumbara-paketler/haftalik-200-sms
2026-10-09,turkcell,faturali,ek-paketler,3194938f-fc01-4ddf-a4bf-6842579fa110,5G+ Oyuncu Paketi,500.0,,1_ay,,,,,https://www.turkcell.com.tr/paket-ve-tarifeler/ek-paketler/5g-plus-oyuncu-paketi
2026-10-09,turkcell,faturali,ana-paketler,0bf016aa-d758-46f4-aa2f-b8a7cdb2f242,Esneyen Paket,430.0,,1_ay,5,1500,250,,https://www.turkcell.com.tr/paket-ve-tarifeler/ana-paketler/esneyen-paket
2026-10-09,turkcell,faturali,ek-paketler,db0fc778-e788-430b-b8b0-d6af39445416,250 Dakika Paketi,130.0,,1_hafta,,250,,,https://www.turkcell.com.tr/paket-ve-tarifeler/ek-paketler/haftalik-250-dakika-paketi
2026-10-09,turkcell,faturali,ek-paketler,4aea8dc3-ec0d-4982-ad24-5135336c5139,Özel 1000 SMS Paketi,5.0,,1_ay,,,1000,,https://www.turkcell.com.tr/paket-ve-tarifeler/ek-paketler/ozel-1000-sms-paketi
2026-10-09,turkcell,faturali,ek-paketler,caf80ef8-7417-4877-83d1-8e97080e98e3,250 SMS Paketi,100.0,,1_hafta,,,250,,https://www.turkcell.com.tr/paket-ve-tarifeler/ek-paketler/250-sms-paketi
2026-10-09,turkcell,faturali,ek-paketler,c3a1be87-b90c-4fc9-a3d7-96f1b9c2e741,Oyna Paketi,100.0,,1_ay,3,,,,https://www.turkcell.com.tr/paket-ve-tarifeler/ek-paketler/oyna-paketi
2026-10-09,turkcell,faturali,ek-paketler,17fce040-a864-4329-8e16-425a25199961,PUBG Mobile 3 GB Paketi,100.0,,1_ay,3,,,,https://www.turkcell.com.tr/paket-ve-tarifeler/ek-paketler/pubgm-3-gb
2026-10-09,turkcell,faturali,ek-paketler,9bcf56c2-15ea-42ad-a885-4832909c09d4,MLBB 3 GB Paketi,100.0,,1_ay,3,,,,https://www.turkcell.com.tr/paket-ve-tarifeler/ek-paketler/mlbb-3-gb
2026-10-09,turkcell,faturali,ek-paketler,82f91652-1083-452f-b8b1-6bc9354f20b1,Oyna İzle Paketi,160.0,,1_ay,5,,,,https://www.turkcell.com.tr/paket-ve-tarifeler/ek-paketler/oyna-izle-paketi
2026-10-09,turkcell,faturali,ek-paketler,1d88a048-da13-4260-a8d1-1ab1b0425483,Oyna İzle Plus,245.0,,1_ay,10,,,,https://www.turkcell.com.tr/paket-ve-tarifeler/ek-paketler/oyna-izle-plus
2026-10-09,turkcell,faturali,ek-paketler,761dab86-b769-4396-8918-fdb4d2ce421f,Mega Oyna İzle Paketi,380.0,,1_ay,20,,,,https://www.turkcell.com.tr/paket-ve-tarifeler/ek-paketler/mega-oyna-izle-paketi
2026-10-09,turkcell,faturali,ana-paketler,e4c1c434-873e-4ca2-a21c-3862ef014ecb,GNÇ+ 10 GB,650.0,,1_ay,10,1000,300,,https://www.turkcell.com.tr/paket-ve-tarifeler/ana-paketler/gnc-plus-10-gb
2026-10-09,turkcell,faturali,ana-paketler,f93bc012-fe90-4d7b-a2c2-a3808f8ce866,GNÇ+ 30 GB,950.0,,1_ay,30,1000,300,,https://www.turkcell.com.tr/paket-ve-tarifeler/ana-paketler/gnc-plus-30-gb
2026-10-09,turkcell,faturali,ana-paketler,1114d8cf-abf9-4166-942d-584a5348be45,GNÇ+ 50 GB,1300.0,,1_ay,50,1000,300,,https://www.turkcell.com.tr/paket-ve-tarifeler/ana-paketler/gnc-plus-50-gb
2026-10-09,turkcell,faturali,ek-paketler,0795850f-5958-4709-a739-a6137ef4a207,Mavi Paket,100.0,,1_ay,3,,,,https://www.turkcell.com.tr/paket-ve-tarifeler/ek-paketler/mavi-paket
2026-10-09,turkcell,faturali,mevcut-musteri,52d65aae-c5cb-413f-ab02-229f6528d4a6,Turkcell Mobil Wifi GO 400 GB,1050.0,,1_ay,400,,,,https://www.turkcell.com.tr/kampanyalar/mobil-hat-data-hatti-kampanyalari/mevcut-musteri/turkcell-mobil-wifi-go-400-gb
2026-10-09,turkcell,faturali,ana-paketler,e7518f25-0f33-4afe-9314-ac37aa0916dc,Akıllı Çocuk Saati Tarifesi 1 GB,105.0,,1_ay,1,300,300,,https://www.turkcell.com.tr/paket-ve-tarifeler/ana-paketler/akilli-cocuk-saati-tarifesi-1-gb
2026-10-09,turkcell,faturali,ana-paketler,4c13e1c1-ceb0-4789-9f49-ebd7afa0b121,Akıllı Çocuk Saati Tarifesi 2 GB,115.0,,1_ay,2,300,300,,https://www.turkcell.com.tr/paket-ve-tarifeler/ana-paketler/akilli-cocuk-saati-tarifesi-2-gb
2026-10-09,turkcell,faturali,ana-paketler,8d44b438-95e1-41a9-8400-c614ba86dee1,Akıllı Çocuk Saati Tarifesi 5 GB,145.0,,1_ay,5,600,600,,https://www.turkcell.com.tr/paket-ve-tarifeler/ana-paketler/akilli-cocuk-saati-tarifesi-5-gb
2026-10-09,turkcell,faturali,hazir-kart-faturali-hat-gecis-paketleri,7bbacc79-e7f4-4130-8979-f79edb833202,Prestij 5000 Dakika,350.0,,1_ay,0.098,5000,250,,https://www.turkcell.com.tr/paket-ve-tarifeler/hazir-kart-faturali-hat-gecis-paketleri/prestij-5000-dakika
2026-10-09,turkcell,faturali,hazir-kart-faturali-hat-gecis-paketleri,83edb31c-a900-4b55-9d7a-d100190f7133,Prestij 5 GB,440.0,,1_ay,5,1000,250,,https://www.turkcell.com.tr/paket-ve-tarifeler/hazir-kart-faturali-hat-gecis-paketleri/prestij-5-gb
2026-10-09,turkcell,faturali,hazir-kart-faturali-hat-gecis-paketleri,5f4c476d-75d8-410c-b0c4-2e3bfda4da83,Prestij 10 GB,540.0,,1_ay,10,1000,250,,https://www.turkcell.com.tr/paket-ve-tarifeler/hazir-kart-faturali-hat-gecis-paketleri/prestij-10-gb
2026-10-09,turkcell,faturali,hazir-kart-faturali-hat-gecis-paketleri,86d40361-abb6-40b6-a6a0-243ffbb4f8cf,Prestij 20 GB,660.0,,1_ay,20,1000,250,,https://www.turkcell.com.tr/paket-ve-tarifeler/hazir-kart-faturali-hat-gecis-paketleri/prestij-20-gb
2026-10-09,turkcell,faturali,hazir-kart-faturali-hat-gecis-paketleri,35485d0a-e750-440f-b85b-4a956d2e70c6,Prestij 30 GB,780.0,,1_ay,30,1000,250,,https://www.turkcell.com.tr/paket-ve-tarifeler/hazir-kart-faturali-hat-gecis-paketleri/prestij-30-gb
2026-10-09,turkcell,faturali,hazir-kart-faturali-hat-gecis-paketleri,19edfe79-4f1e-4c47-a899-ad64860fc890,Prestij 40 GB,900.0,,1_ay,40,1000,250,,https://www.turkcell.com.tr/paket-ve-tarifeler/hazir-kart-faturali-hat-gecis-paketleri/prestij-40-gb
2026-10-09,turkcell,faturali,hazir-kart-faturali-hat-gecis-paketleri,a238e742-776e-46ef-8506-666f104ef06f,Platinum Prestij 60 GB,1050.0,,1_ay,60,1000,250,,https://www.turkcell.com.tr/paket-ve-tarifeler/hazir-kart-faturali-hat-gecis-paketleri/platinum-prestij-60-gb
2026-10-09,turkcell,faturali,hazir-kart-faturali-hat-gecis-paketleri,1f58c4cc-aa3f-46b3-8502-283be831c4e8,Platinum Prestij 80 GB,1200.0,,1_ay,80,1000,250,,https://www.turkcell.com.tr/paket-ve-tarifeler/hazir-kart-faturali-hat-gecis-paketleri/platinum-prestij-80-gb
2026-10-09,turkcell,faturali,hazir-kart-faturali-hat-gecis-paketleri,b643a956-ef66-472d-b8cf-d8e34f93a288,Platinum Prestij 120 GB,1500.0,,1_ay,120,1000,250,,https://www.turkcell.com.tr/paket-ve-tarifeler/hazir-kart-faturali-hat-gecis-paketleri/platinum-prestij-120-gb
2026-10-09,turkcell,faturali,ek-paketler,b401d65e-b025-4bab-a6df-415588f2c3c0,Turkcell Tek Hattım,69.0,,1_ay,,,,,https://www.turkcell.com.tr/paket-ve-tarifeler/ek-paketler/turkcell-tek-hattim
2026-10-09,turkcell,faturali,ek-paketler,202d337f-27bc-4573-b17d-9bf660faefc5,Akıllı Fatura TL Paketi,100.0,,,,,,,https://www.turkcell.com.tr/paket-ve-tarifeler/ek-paketler/akilli-fatura-tl-paketi
2026-10-09,turkcell,faturali,ek-paketler,4529a1b5-8863-487d-aae7-70282da0ca10,Yeni Hotspot 5 GB,250.0,,1_ay,,,,,https://www.turkcell.com.tr/paket-ve-tarifeler/ek-paketler/yeni-hotspot-5-gb
2026-10-09,turkcell,faturali,ek-paketler,8a54de5b-4573-48fc-8e50-82e852fc37e1,Yeni Hotspot 10 GB,400.0,,1_ay,,,,,https://www.turkcell.com.tr/paket-ve-tarifeler/ek-paketler/yeni-hostspot-10-gb
2026-10-09,turkcell,faturali,ek-paketler,9c799cc2-65f5-40ee-b1be-40be4a917db3,Yeni Hotspot 25 GB,500.0,,1_ay,,,,,https://www.turkcell.com.tr/paket-ve-tarifeler/ek-paketler/yeni-hotspot-25-gb
2026-10-09,turkcell,faturali,ek-paketler,740ad8d3-476e-4e54-baed-a4e4c3eeab98,Yeni Hotspot 50 GB,600.0,,1_ay,,,,,https://www.turkcell.com.tr/paket-ve-tarifeler/ek-paketler/yeni-hotspot-50-gb
2026-10-09,turkcell,faturasiz,ek-paketler,c0db4dc0-93fc-4b2e-9df2-c1d936f91ee7,5G+ Boost,50.0,,1_gun,,,,,https://www.turkcell.com.tr/paket-ve-tarifeler/ek-paketler/5g-plus-boost
2026-10-09,turkcell,faturasiz,ana-paketler,182f116b-d1e3-4d52-958f-2ca0ae499bb0,Fırsat 1200 Dakika,350.0,,4_hafta,0.244,1200,500,,https://www.turkcell.com.tr/paket-ve-tarifeler/ana-paketler/firsat-1200-dakika
2026-10-09,turkcell,faturasiz,mobil-wifi-paketleri,9b5c19e1-5ada-4cbe-89fc-32a0114d7cb2,Faturasız Mobil Wifi 25 GB,450.0,,3_ay,25,,,,https://www.turkcell.com.tr/paket-ve-tarifeler/mobil-wifi-paketleri/faturasiz-mobil-wifi-25-gb
2026-10-09,turkcell,faturasiz,ana-paketler,df730393-d00a-4b88-9f10-c10eae543b50,Fırsat 1 GB,450.0,,4_hafta,1,1000,500,,https://www.turkcell.com.tr/paket-ve-tarifeler/ana-paketler/firsat-1-gb
2026-10-09,turkcell,faturasiz,ek-paketler,5e129ea5-baf7-4c2d-81d7-661012f33bb0,5G+ Yayıncı,500.0,,1_ay,5,,,,https://www.turkcell.com.tr/paket-ve-tarifeler/ek-paketler/5g-Plus-yayinci
2026-10-09,turkcell,faturasiz,ana-paketler,1255a7c8-ceda-4c26-9b8f-cf6959528466,Fırsat 2 GB,500.0,,4_hafta,2,1000,500,,https://www.turkcell.com.tr/paket-ve-tarifeler/ana-paketler/firsat-2-gb
2026-10-09,turkcell,faturasiz,mobil-wifi-paketleri,99ff46a1-7786-4cdf-b2f6-1291d95873fe,Faturasız Mobil Wifi Fırsat 50 GB,550.0,,1_ay,50,,,,https://www.turkcell.com.tr/paket-ve-tarifeler/mobil-wifi-paketleri/faturasiz-mobil-wifi-firsat-50-gb
2026-10-09,turkcell,faturasiz,ana-paketler,86391ad2-16a0-4754-8817-dedc9c4cb53f,Fırsat 5 GB,600.0,,4_hafta,5,1000,500,,https://www.turkcell.com.tr/paket-ve-tarifeler/ana-paketler/firsat-5-gb
2026-10-09,turkcell,faturasiz,mobil-wifi-paketleri,57c063ce-cd82-4d57-92bd-f22d2a318f7f,Faturasız Mobil Wifi 100 GB,650.0,,3_ay,100,,,,https://www.turkcell.com.tr/paket-ve-tarifeler/mobil-wifi-paketleri/faturasiz-mobil-wifi-100-gb
2026-10-09,turkcell,faturasiz,mobil-wifi-paketleri,fd72c279-b916-4480-a84e-3036ce592f2a,Faturasız Mobil Wifi 3 Aylık 30 GB,650.0,,3_ay,30,,,,https://www.turkcell.com.tr/paket-ve-tarifeler/mobil-wifi-paketleri/faturasiz-mobil-wifi-3-aylik-30-gb
2026-10-09,turkcell,faturasiz,konusma,13423f71-782a-4a69-9fba-a4731004963a,Hepsi 8 + 3 GB,700.0,,4_hafta,8,1200,750,,https://www.turkcell.com.tr/paket-ve-tarifeler/konusma/hepsi-8-3-gb
2026-10-09,turkcell,faturasiz,ana-paketler,e8243f0c-ab0b-4cf6-9ed4-349875663002,Fırsat 10 GB,700.0,,4_hafta,10,1000,500,,https://www.turkcell.com.tr/paket-ve-tarifeler/ana-paketler/firsat-10-gb
2026-10-09,turkcell,faturasiz,ana-paketler,19a8a528-d89b-434a-a536-93c430350dd5,Fırsat 15 GB,800.0,,4_hafta,15,1000,500,,https://www.turkcell.com.tr/paket-ve-tarifeler/ana-paketler/firsat-15-gb
2026-10-09,turkcell,faturasiz,mobil-wifi-paketleri,507b621e-6332-42cc-b592-1ad8aeb43692,Faturasız Mobil Wifi Fırsat 200 GB,850.0,,1_ay,200,,,,https://www.turkcell.com.tr/paket-ve-tarifeler/mobil-wifi-paketleri/faturasiz-mobil-wifi-aylik-200-gb
2026-10-09,turkcell,faturasiz,mobil-wifi-paketleri,9cd1881f-8028-4b32-b82e-b504902b8e59,Faturasız Mobil Wifi 3 Aylık 120 GB,850.0,,3_ay,120,,,,https://www.turkcell.com.tr/paket-ve-tarifeler/mobil-wifi-paketleri/faturasiz-mobil-wifi-3-aylik-120-gb
2026-10-09,turkcell,faturasiz,konusma,a9284cc1-98e7-4d2b-99ba-8d79a479d197,Hepsi 18+5 GB,880.0,,4_hafta,18,1200,750,,https://www.turkcell.com.tr/paket-ve-tarifeler/konusma/hepsi-18-5-gb
2026-10-09,turkcell,faturasiz,ana-paketler,b65bba18-8d0a-413a-9f04-842c64aef0b6,Fırsat 20 GB,900.0,,4_hafta,20,1000,500,,https://www.turkcell.com.tr/paket-ve-tarifeler/ana-paketler/firsat-20-gb
2026-10-09,turkcell,faturasiz,ana-paketler,f239fab2-c23d-4363-a4e7-7391d3e59775,Fırsat 25 GB,1000.0,,4_hafta,25,1000,500,,https://www.turkcell.com.tr/paket-ve-tarifeler/ana-paketler/firsat-25-gb
2026-10-09,turkcell,faturasiz,ana-paketler,9274d400-8b8c-41a0-ace4-0d11abe1cddd,Fırsat 30 GB,1100.0,,4_hafta,30,1000,500,,https://www.turkcell.com.tr/paket-ve-tarifeler/ana-paketler/firsat-30-gb
2026-10-09,turkcell,faturasiz,mobil-wifi-paketleri,21d1c28a-6520-4598-8dde-a176c3fc42ee,Faturasız Mobil Wifi GO 400 GB,1200.0,,30_gun,400,,,,https://www.turkcell.com.tr/paket-ve-tarifeler/mobil-wifi-paketleri/faturasiz-mobil-wifi-go-400-gb
2026-10-09,turkcell,faturasiz,konusma,a46b7324-0e1f-464b-9a6f-8d498ae54d3a,Hepsi 38+5 GB,1200.0,,4_hafta,38,1200,750,,https://www.turkcell.com.tr/paket-ve-tarifeler/konusma/hepsi-38-5-gb
2026-10-09,turkcell,faturasiz,ana-paketler,ddcf42c3-1e03-4556-a638-44f56a17c1d6,Fırsat 40 GB,1300.0,,4_hafta,40,1000,500,,https://www.turkcell.com.tr/paket-ve-tarifeler/ana-paketler/firsat-40-gb
2026-10-09,turkcell,faturasiz,ana-paketler,61db9b73-b577-44d6-9c2a-10f6cde415b8,Fırsat 50 GB,1500.0,,4_hafta,50,1000,500,,https://www.turkcell.com.tr/paket-ve-tarifeler/ana-paketler/firsat-50-gb
2026-10-09,turkcell,faturasiz,ana-paketler,2fa0a17e-e4d3-4ed6-a13d-a9419cccaa5c,Fırsat 80 GB,1800.0,,4_hafta,80,1000,500,,https://www.turkcell.com.tr/paket-ve-tarifeler/ana-paketler/firsat-80-gb
2026-10-09,turkcell,faturasiz,ana-paketler,bbabd474-1962-4148-a573-2d8e33fd03f2,GNÇ Fırsat 10 GB,550.0,,4_hafta,5,1000,500,,https://www.turkcell.com.tr/paket-ve-tarifeler/ana-paketler/gnc-firsat-10-gb
2026-10-09,turkcell,faturasiz,ana-paketler,10fd5430-d822-4ff5-84dc-07d8de231dc3,GNÇ Fırsat 20 GB,700.0,,4_hafta,10,1000,500,,https://www.turkcell.com.tr/paket-ve-tarifeler/ana-paketler/gnc-firsat-20-gb
2026-10-09,turkcell,faturasiz,ana-paketler,58f6e264-fa64-4720-bbf5-e0d079dc18ce,GNÇ Hepsi 24 GB Paketi,720.0,,4_hafta,10,1200,750,,https://www.turkcell.com.tr/paket-ve-tarifeler/ana-paketler/gnc-hepsi-24-gb-paketi
2026-10-09,turkcell,faturasiz,ana-paketler,a4e3bb63-cf5c-41ba-8138-eda913ba6634,GNÇ Fırsat 30 GB,800.0,,4_hafta,15,1000,500,,https://www.turkcell.com.tr/paket-ve-tarifeler/ana-paketler/gnc-firsat-30-gb
2026-10-09,turkcell,faturasiz,ana-paketler,434bc970-483e-4ca3-af60-f51365f814f4,GNÇ Fırsat 40 GB,900.0,,4_hafta,20,1000,500,,https://www.turkcell.com.tr/paket-ve-tarifeler/ana-paketler/gnc-firsat-40-gb
2026-10-09,turkcell,faturasiz,ana-paketler,6b17736b-9c22-4aa6-81a1-c6b28940e25a,GNÇ Fırsat 50 GB,1000.0,,4_hafta,25,1000,500,,https://www.turkcell.com.tr/paket-ve-tarifeler/ana-paketler/gnc-firsat-50-gb
2026-10-09,turkcell,faturasiz,ana-paketler,5e3a009b-8a54-408f-9dc8-c106ddea6390,Mega Fırsat 30 GB,1700.0,,3_ay,30,5000,2500,,https://www.turkcell.com.tr/paket-ve-tarifeler/ana-paketler/mega-firsat-30gb
2026-10-09,turkcell,faturasiz,ana-paketler,94226f8d-79ff-4221-8517-48e1fb300aaf,Mega Fırsat 60 GB,3400.0,,6_ay,60,10000,5000,,https://www.turkcell.com.tr/paket-ve-tarifeler/ana-paketler/mega-firsat-60gb
2026-10-09,turkcell,faturasiz,ek-paketler,4dff561c-b936-4a5a-a39a-e3d155c759e5,Haftalık 1000 DK,200.0,,1_hafta,,1000,,,https://www.turkcell.com.tr/paket-ve-tarifeler/ek-paketler/haftalik-1000-dk
2026-10-09,turkcell,faturasiz,ek-paketler,75cefb57-369f-4113-8f8a-9610e6469678,Günlük 6 GB,200.0,,1_gun,6,,,,https://www.turkcell.com.tr/paket-ve-tarifeler/ek-paketler/gunluk-6-gb
2026-10-09,turkcell,faturasiz,ek-paketler,29c243a0-d2d5-423d-ad6e-1bbd4c69a5a0,Yeni Hotspot 5 GB - Faturasız,250.0,,1_ay,,,,,https://www.turkcell.com.tr/paket-ve-tarifeler/ek-paketler/yeni-hotspot-5-gb-faturasiz
2026-10-09,turkcell,faturasiz,ek-paketler,ff36e118-fa60-4059-8e20-d748ea09f7c7,Haftalık Sosyal Medya 15 GB,350.0,,1_hafta,15,,,,https://www.turkcell.com.tr/paket-ve-tarifeler/ek-paketler/haftalik-sosyal-medya-15-gb
2026-10-09,turkcell,faturasiz,ek-paketler,d85a2c66-9fab-467c-93a1-1f9b07463bb1,Haftalık 5 GB 500 DK,350.0,,1_hafta,5,500,1000,,https://www.turkcell.com.tr/paket-ve-tarifeler/ek-paketler/haftalik-5-gb-500-dk
2026-10-09,turkcell,faturasiz,ek-paketler,a2b874fe-1c06-418f-b61c-a7e8cbee5bd9,Yeni Hotspot 10 GB - Faturasız,400.0,,1_ay,,,,,https://www.turkcell.com.tr/paket-ve-tarifeler/ek-paketler/yeni-hostspot-10-gb-faturasiz
2026-10-09,turkcell,faturasiz,ek-paketler,dfc77f59-c459-451b-bdaa-ed9d36530221,2 Haftalık 5 GB 500 DK,500.0,,2_hafta,5,500,1000,,https://www.turkcell.com.tr/paket-ve-tarifeler/ek-paketler/2-haftalik-5-gb-500-dk
2026-10-09,turkcell,faturasiz,ek-paketler,ce4710a6-f3dc-44b0-88a3-1fd4ab6c1cdd,Yeni Hotspot 25 GB - Faturasız,500.0,,1_ay,,,,,https://www.turkcell.com.tr/paket-ve-tarifeler/ek-paketler/yeni-hotspot-25-gb-faturasiz
2026-10-09,turkcell,faturasiz,ek-paketler,3194938f-fc01-4ddf-a4bf-6842579fa110,5G+ Oyuncu Paketi,500.0,,1_ay,,,,,https://www.turkcell.com.tr/paket-ve-tarifeler/ek-paketler/5g-plus-oyuncu-paketi
2026-10-09,turkcell,faturasiz,ek-paketler,e9461819-dabc-4e1c-ac36-fafffd7d16a1,Ek İnternet 10 GB Paketi,600.0,,4_hafta,10,,,,https://www.turkcell.com.tr/paket-ve-tarifeler/ek-paketler/ek-internet-10-gb-paketi
2026-10-09,turkcell,faturasiz,ek-paketler,da21e9b6-823a-4a5b-b305-c6fe442dd5ee,Yeni Hotspot 50 GB - Faturasız,600.0,,1_ay,,,,,https://www.turkcell.com.tr/paket-ve-tarifeler/ek-paketler/yeni-hotspot-50-gb-faturasiz
2026-10-09,turkcell,faturasiz,ek-paketler,076b388f-fc8e-4658-ae44-dcf0bb9d5703,Ek İnternet 15 GB Paketi,700.0,,4_hafta,15,,,,https://www.turkcell.com.tr/paket-ve-tarifeler/ek-paketler/ek-internet-15-gb-paketi
2026-10-09,turkcell,faturasiz,ana-paketler,dcd58230-ea41-41ad-b990-22b61013c520,61Cell Avantaj,150.0,,1_ay,2,600,300,,https://www.turkcell.com.tr/paket-ve-tarifeler/ana-paketler/61cell-avantaj
2026-10-09,turkcell,faturasiz,ana-paketler,8de5cf0d-2500-4303-a15e-22c28b9b9746,61Cell Plus,200.0,,1_ay,4,1000,500,,https://www.turkcell.com.tr/paket-ve-tarifeler/ana-paketler/61cell-plus
2026-10-09,turkcell,faturasiz,uzaklar,4dd1977c-7b78-49d6-95a3-5324f80b789e,Uzaklar 1 GB,3900.0,,1_hafta,1,100,100,,https://www.turkcell.com.tr/paket-ve-tarifeler/uzaklar/uzaklar-1-gb
2026-10-09,turkcell,faturasiz,ek-paketler,4aea8dc3-ec0d-4982-ad24-5135336c5139,Özel 1000 SMS Paketi,5.0,,1_ay,,,1000,,https://www.turkcell.com.tr/paket-ve-tarifeler/ek-paketler/ozel-1000-sms-paketi
2026-10-09,turkcell,faturasiz,ek-paketler,c3a1be87-b90c-4fc9-a3d7-96f1b9c2e741,Oyna Paketi,100.0,,1_ay,3,,,,https://www.turkcell.com.tr/paket-ve-tarifeler/ek-paketler/oyna-paketi
2026-10-09,turkcell,faturasiz,ek-paketler,17fce040-a864-4329-8e16-425a25199961,PUBG Mobile 3 GB Paketi,100.0,,1_ay,3,,,,https://www.turkcell.com.tr/paket-ve-tarifeler/ek-paketler/pubgm-3-gb
2026-10-09,turkcell,faturasiz,ek-paketler,9bcf56c2-15ea-42ad-a885-4832909c09d4,MLBB 3 GB Paketi,100.0,,1_ay,3,,,,https://www.turkcell.com.tr/paket-ve-tarifeler/ek-paketler/mlbb-3-gb
2026-10-09,turkcell,faturasiz,ek-paketler,82f91652-1083-452f-b8b1-6bc9354f20b1,Oyna İzle Paketi,160.0,,1_ay,5,,,,https://www.turkcell.com.tr/paket-ve-tarifeler/ek-paketler/oyna-izle-paketi
2026-10-09,turkcell,faturasiz,konusma,29aa5f32-5033-4834-849f-6a79941f0c65,PUBGM 5 GB,160.0,,1_ay,5,,,,https://www.turkcell.com.tr/paket-ve-tarifeler/konusma/pubgm-ve-youtube-5-gb
2026-10-09,turkcell,faturasiz,konusma,83aa4bb8-7e08-4687-ad43-2c6865254de0,Oyna İzle Ekstra,215.0,,1_ay,8,,,,https://www.turkcell.com.tr/paket-ve-tarifeler/konusma/oyna-izle-ekstra
2026-10-09,turkcell,faturasiz,ek-paketler,1d88a048-da13-4260-a8d1-1ab1b0425483,Oyna İzle Plus,245.0,,1_ay,10,,,,https://www.turkcell.com.tr/paket-ve-tarifeler/ek-paketler/oyna-izle-plus
2026-10-09,turkcell,faturasiz,konusma,62d82b39-8458-4f02-bb8f-5a59ba7d7b8c,Oyna İzle Süper,325.0,,1_ay,15,,,,https://www.turkcell.com.tr/paket-ve-tarifeler/konusma/oyna-izle-super
2026-10-09,turkcell,faturasiz,ek-paketler,761dab86-b769-4396-8918-fdb4d2ce421f,Mega Oyna İzle Paketi,380.0,,1_ay,20,,,,https://www.turkcell.com.tr/paket-ve-tarifeler/ek-paketler/mega-oyna-izle-paketi
2026-10-09,turkcell,faturasiz,ek-paketler,0795850f-5958-4709-a739-a6137ef4a207,Mavi Paket,100.0,,1_ay,3,,,,https://www.turkcell.com.tr/paket-ve-tarifeler/ek-paketler/mavi-paket
2026-10-09,turkcell,faturasiz,turkcell-yildiz-paketleri,a870baba-1a11-4cd6-bf62-d988b834b363,Yıldız Haftalık 500 DK,0.0,,1_hafta,,500,,,https://www.turkcell.com.tr/paket-ve-tarifeler/turkcell-yildiz-paketleri/yildiz-haftalik-500-dk
2026-10-09,turkcell,faturasiz,turkcell-yildiz-paketleri,9dabcc4e-d3fa-4fd5-b3d4-1194f81b17dd,Süper Yıldız Haftalık 7 GB,0.0,,1_hafta,7,,,,https://www.turkcell.com.tr/paket-ve-tarifeler/turkcell-yildiz-paketleri/super-yildiz-haftalik-7-gb
2026-10-09,turkcell,faturasiz,turkcell-yildiz-paketleri,d2dfd35f-43ac-4afe-b6f4-8b6e32890247,Süper Yıldız Haftalık 25 GB,0.0,,1_hafta,25,,,,https://www.turkcell.com.tr/paket-ve-tarifeler/turkcell-yildiz-paketleri/super-yildiz-haftalik-25-gb
2026-10-09,turkcell,faturasiz,turkcell-yildiz-paketleri,c075358d-b8e8-492f-9724-51d7958d0019,Yıldız Aylık 10 GB,0.0,,1_ay,10,,,,https://www.turkcell.com.tr/paket-ve-tarifeler/turkcell-yildiz-paketleri/yildiz-aylik-10-gb
2026-10-09,turkcell,faturasiz,turkcell-yildiz-paketleri,70ea066f-ac39-441f-adfb-e5cf93320a14,Yıldız Haftalık 1 GB,0.0,,1_hafta,1,,,,https://www.turkcell.com.tr/paket-ve-tarifeler/turkcell-yildiz-paketleri/yildiz-haftalik-1-gb
2026-10-09,turkcell,faturasiz,turkcell-yildiz-paketleri,3fe46056-5411-45a3-b29b-ab8ae459abe0,Yıldız 2 Haftalık 5 GB Sosyal Medya,0.0,,2_hafta,5,,,,https://www.turkcell.com.tr/paket-ve-tarifeler/turkcell-yildiz-paketleri/yildiz-2-haftalik-5-gb-sosyal-medya
2026-10-09,turkcell,faturasiz,turkcell-yildiz-paketleri,e546d5ec-8b06-41a9-966f-481a9c4bb0c8,Süper Yıldız Haftalık 1 GB,0.0,,1_hafta,1,,,,https://www.turkcell.com.tr/paket-ve-tarifeler/turkcell-yildiz-paketleri/super-yildiz-haftalik-1-gb
2026-10-09,turkcell,faturasiz,turkcell-yildiz-paketleri,34ffae9d-b584-4e5b-97b9-133637cf654b,Süper Yıldız Haftalık 2 GB,0.0,,1_hafta,2,,,,https://www.turkcell.com.tr/paket-ve-tarifeler/turkcell-yildiz-paketleri/super-yildiz-haftalik-2-gb
2026-10-09,turkcell,faturasiz,turkcell-yildiz-paketleri,a157d49b-66aa-470d-88a1-842163ff06fb,Süper Yıldız Haftalık 8 GB,0.0,,1_hafta,8,,,,https://www.turkcell.com.tr/paket-ve-tarifeler/turkcell-yildiz-paketleri/super-yildiz-haftalik-8-gb
2026-10-09,turkcell,faturasiz,turkcell-yildiz-paketleri,e3453183-113b-4aa4-935d-4a937bfd0bf5,Yıldız Haftalık 2 GB,0.0,,1_hafta,2,,,,https://www.turkcell.com.tr/paket-ve-tarifeler/turkcell-yildiz-paketleri/yildiz-haftalik-2-gb
2026-10-09,turkcell,faturasiz,turkcell-yildiz-paketleri,ca2d1a8a-3ba6-4519-ab7e-0b86dcba600c,Yıldız Haftalık 5 GB,0.0,,1_hafta,5,,,,https://www.turkcell.com.tr/paket-ve-tarifeler/turkcell-yildiz-paketleri/yildiz-haftalik-5-gb
2026-10-09,turkcell,faturasiz,turkcell-yildiz-paketleri,34f01f75-b660-4ab8-9944-8e34cacb1284,Süper Yıldız Haftalık 5 GB,0.0,,1_hafta,5,,,,https://www.turkcell.com.tr/paket-ve-tarifeler/turkcell-yildiz-paketleri/super-yildiz-haftalik-5-gb
2026-10-09,turkcell,faturasiz,turkcell-yildiz-paketleri,b3305f92-4120-4c48-a3cd-4b1ef2c31228,Süper Yıldız Haftalık 12 GB,0.0,,1_hafta,12,,,,https://www.turkcell.com.tr/paket-ve-tarifeler/turkcell-yildiz-paketleri/super-yildiz-haftalik-12-gb
2026-10-09,turkcell,faturasiz,turkcell-yildiz-paketleri,e5c34a36-19f5-485f-817f-f8db6c0a2cfe,Yıldız Haftalık 20 GB Oyna İzle Paketi,0.0,,1_hafta,20,,,,https://www.turkcell.com.tr/paket-ve-tarifeler/turkcell-yildiz-paketleri/yildiz-haftalik-20-gb-oyna-izle-paketi
2026-10-09,turkcell,faturasiz,turkcell-yildiz-paketleri,fc13477f-61da-4173-bf81-b56db3022a06,Süper Yıldız Haftalık 3 GB,0.0,,1_hafta,3,,,,https://www.turkcell.com.tr/paket-ve-tarifeler/turkcell-yildiz-paketleri/super-yildiz-haftalik-3-gb
2026-10-09,turkcell,faturasiz,turkcell-yildiz-paketleri,3af1deb6-ec78-4482-b108-183cfa20087a,Yıldız 6 Saatlik 1 GB,0.0,,6_saat,1,,,,https://www.turkcell.com.tr/paket-ve-tarifeler/turkcell-yildiz-paketleri/yildiz-6-saatlik-1-gb
2026-10-09,turkcell,faturasiz,turkcell-yildiz-paketleri,f63c9d6e-7748-4a85-9e45-caf50c7aee3b,Süper Yıldız Haftalık 15 GB,0.0,,1_hafta,15,,,,https://www.turkcell.com.tr/paket-ve-tarifeler/turkcell-yildiz-paketleri/super-yildiz-haftalik-15-gb
2026-10-09,turkcell,faturasiz,turkcell-yildiz-paketleri,e0b89e57-1ad3-4acc-a0d5-1b3455c3be09,Yıldız Haftalık 10 GB Gece İnterneti,0.0,,1_hafta,10,,,,https://www.turkcell.com.tr/paket-ve-tarifeler/turkcell-yildiz-paketleri/yildiz-haftalik-10-gb-gece-interneti
2026-10-09,turkcell,faturasiz,turkcell-yildiz-paketleri,2dea8c43-1ddb-4297-8d6a-9dc9d09d1127,Süper Yıldız Haftalık 9 GB,0.0,,1_hafta,9,,,,https://www.turkcell.com.tr/paket-ve-tarifeler/turkcell-yildiz-paketleri/super-yildiz-haftalik-9-gb
2026-10-09,turkcell,faturasiz,turkcell-yildiz-paketleri,37febff6-869f-442a-9a20-14b5fddbc70e,Yıldız Haftalık 10 GB,0.0,,1_hafta,10,,,,https://www.turkcell.com.tr/paket-ve-tarifeler/turkcell-yildiz-paketleri/yildiz-haftalik-10-gb
2026-10-09,turkcell,faturasiz,turkcell-yildiz-paketleri,9bb984da-fb16-4619-826f-b66da18b5282,Süper Yıldız Haftalık 30 GB,0.0,,1_hafta,30,,,,https://www.turkcell.com.tr/paket-ve-tarifeler/turkcell-yildiz-paketleri/super-yildiz-haftalik-30-gb
2026-10-09,turkcell,faturasiz,turkcell-yildiz-paketleri,0e93d0bb-e456-4095-a909-351dc48c6b51,Yıldız 2 Haftalık 10 GB,0.0,,2_hafta,10,,,,https://www.turkcell.com.tr/paket-ve-tarifeler/turkcell-yildiz-paketleri/yildiz-2-haftalik-10-gb
2026-10-09,turkcell,faturasiz,turkcell-yildiz-paketleri,ae306971-6664-409a-b2e9-1fadc22cf9b2,Süper Yıldız Haftalık 20 GB,0.0,,1_hafta,20,,,,https://www.turkcell.com.tr/paket-ve-tarifeler/turkcell-yildiz-paketleri/super-yildiz-haftalik-20-gb
2026-10-09,turkcell,faturasiz,turkcell-yildiz-paketleri,67173afd-7bb1-4f5e-98a3-f721dd4a07b0,Yıldız Aylık 5 GB,0.0,,1_ay,5,,,,https://www.turkcell.com.tr/paket-ve-tarifeler/turkcell-yildiz-paketleri/yildiz-aylik-5-gb
2026-10-09,turkcell,faturasiz,turkcell-yildiz-paketleri,1fbe5407-d21d-428f-867d-82043710551b,Süper Yıldız Haftalık 4 GB,0.0,,1_hafta,4,,,,https://www.turkcell.com.tr/paket-ve-tarifeler/turkcell-yildiz-paketleri/super-yildiz-haftalik-4-gb
2026-10-09,turkcell,faturasiz,turkcell-yildiz-paketleri,da9934e8-c711-4a4a-96a7-6c256a717a41,Süper Yıldız Haftalık 6 GB,0.0,,1_hafta,6,,,,https://www.turkcell.com.tr/paket-ve-tarifeler/turkcell-yildiz-paketleri/super-yildiz-haftalik-6-gb
2026-10-09,turkcell,faturasiz,turkcell-yildiz-paketleri,2bdfdf5b-b5b2-468b-a4f9-28a18b853fc4,Süper Yıldız Haftalık 10 GB,0.0,,1_hafta,10,,,,https://www.turkcell.com.tr/paket-ve-tarifeler/turkcell-yildiz-paketleri/super-yildiz-haftalik-10-gb
2026-10-09,turkcell,faturasiz,konusma,521ce38b-ac68-4710-b450-e50f0d9718cc,BiP Sizinle - BiP ile Kesintisiz İletişim Paketi,0.0,,,,,,,https://www.turkcell.com.tr/paket-ve-tarifeler/konusma/bip-sizinle-bip-ile-kesintisiz-iletisim-paketi
2026-10-09,turkcell,faturasiz,konusma,36d3e782-7409-4154-b5e6-c9143391f185,Tarife Saniye,0.2,,1_saniye,,,,,https://www.turkcell.com.tr/paket-ve-tarifeler/konusma/tarife-saniye-hazirkart
2026-10-09,turkcell,faturasiz,konusma,ce54f454-63a2-44f0-aa10-4d123f8a4f28,Ön Ödemeli Paket Aşım Tarifesi,0.3,,1_kb,,,,,https://www.turkcell.com.tr/paket-ve-tarifeler/konusma/on-odemeli-paket-asim-tarifesi
2026-10-09,turkcell,faturasiz,konusma,15ac3d95-e2f8-4ef5-8bfb-ea926fd07d1e,Standart Cepten İnternet Tarifesi,8.0,,1_kb,,,,,https://www.turkcell.com.tr/paket-ve-tarifeler/konusma/standart-cepten-internet-tarifesi-hazirkart
2026-10-09,turkcell,faturasiz,konusma,c0aec6cd-997f-48ac-a5d2-bb9fdaf7d4cf,Hazır Kart MMS,1.5,,1_mms,,,,,https://www.turkcell.com.tr/paket-ve-tarifeler/konusma/hazir-kart-mms
2026-10-09,turkcell,faturasiz,konusma,1eee250a-7319-41cc-9f4f-8f1c25c912b1,Hazır Kart Kısa Mesaj,3.39,,1_sms,,,,,https://www.turkcell.com.tr/paket-ve-tarifeler/konusma/hazir-kart-kisa-mesaj
2026-10-09,turkcell,faturasiz,konusma,8d90ed53-90dc-44cd-ad0d-419e60de0b28,BizBize,4.75,,1_dakika,,,,,https://www.turkcell.com.tr/paket-ve-tarifeler/konusma/bizbize-hazirkart
2026-10-09,turkcell,faturasiz,konusma,568e262c-831e-402c-866f-eb985f6c53ff,Gurbet Tarifesi,4.75,,1_dakika,,,,,https://www.turkcell.com.tr/paket-ve-tarifeler/konusma/gurbet-tarifesi
2026-10-09,turkcell,faturasiz,konusma,f1872f5b-75fe-4eb4-8c20-07f41ea3a78c,BizBize Kamu,4.75,,1_dakika,,,,,https://www.turkcell.com.tr/paket-ve-tarifeler/konusma/kamu
2026-10-09,turkcell,faturasiz,konusma,1da0ed46-1b30-4e99-bd98-11610f5dcde5,Genç Tarife,4.75,,1_dakika,,,,,https://www.turkcell.com.tr/paket-ve-tarifeler/konusma/genc-tarife-hazirkart
2026-10-09,turkcell,faturasiz,konusma,af7841e4-7124-4819-a75d-b867497f256a,Konuş Kazan Tarifesi,4.75,,1_dakika,,,,,https://www.turkcell.com.tr/paket-ve-tarifeler/konusma/konus-kazan
2026-10-09,turkcell,faturasiz,konusma,8a5be792-73bd-450b-89f1-a1c8b38fa823,Süper Tarife,4.75,,1_dakika,,,,,https://www.turkcell.com.tr/paket-ve-tarifeler/konusma/super-tarife
2026-10-09,turkcell,faturasiz,konusma,e2d43aca-9fbb-4b1d-a08d-fccfb03738dd,TL Kartı Fiyatları ve Kullanım Dönemleri,200.0,,,,,,,https://www.turkcell.com.tr/paket-ve-tarifeler/konusma/tl-karti-fiyatlari-ve-kullanim-donemleri
2026-10-09,turkcell,faturasiz,konusma,bcccad57-302f-4876-a2a0-7a210f23cdfc,Hediye Oyna İzle Paketi Kampanyası,0.0,,,,,,,https://www.turkcell.com.tr/paket-ve-tarifeler/konusma/hediye-oyna-izle-paketi-kampanyasi
2026-10-09,turkcell,faturasiz,konusma,1a650cc6-f580-4458-b377-dc9e0e7da38e,Hediye Oyna Paketi Kampanyası,0.0,,,,,,,https://www.turkcell.com.tr/paket-ve-tarifeler/konusma/hediye-oyna-paketi-kampanyasi
2026-10-09,turkcell,faturasiz,mevcut-musteri,04400631-c3af-4d2a-9f67-fccbc9d70c2b,20 GB Hediye İnternet Kampanyası,0.0,,,,,,,https://www.turkcell.com.tr/kampanyalar/mobil-hat-data-hatti-kampanyalari/mevcut-musteri/20-gb-hediye-internet-kampanyasi
2026-10-09,turkcell,faturasiz,diger,b4412d4d-1af4-42a6-951b-a432a27cc9ea,Askercell 1000SMS,5.0,,1000_sms,,,1000,,https://www.turkcell.com.tr/kampanyalar/mobil-hat-data-hatti-kampanyalari/diger/askercell-1000sms
2026-10-09,turkcell,faturasiz,konusma,3df25a1c-ba58-46c5-9279-cd7afa54011a,Dijital Servis 5 GB,19.33,,1_ay,5,,,,https://www.turkcell.com.tr/paket-ve-tarifeler/konusma/dijital-servis-5-gb
2026-10-09,turkcell,faturasiz,diger,51e1c4bc-3a9c-4bfe-8a3a-e927aa05fba4,Askercell İkili,20.0,,1_ay,,1000,1000,,https://www.turkcell.com.tr/kampanyalar/mobil-hat-data-hatti-kampanyalari/diger/askercell-ikili
2026-10-09,turkcell,faturasiz,konusma,30f05c76-74af-4b3e-9df3-dd724cff5ce8,Hazır Kart 2000 SMS Paketi,60.0,,15_gun,,,2000,,https://www.turkcell.com.tr/paket-ve-tarifeler/konusma/2000-sms-paketi
2026-10-09,turkcell,faturasiz,konusma,4567be52-47d5-48cb-bc0b-db1c854470dd,Aylık 1 GB İnternet Paketi,257.93,,1_ay,1,,,,https://www.turkcell.com.tr/paket-ve-tarifeler/konusma/aylik-1-gb-internet-paketi-hazirkart
2026-10-09,turkcell,faturasiz,konusma,f76d6135-147f-418e-a56c-aaca12e86382,Aylık 4 GB İnternet Paketi,386.8,,1_ay,4,,,,https://www.turkcell.com.tr/paket-ve-tarifeler/konusma/aylik-4-gb-internet-paketi-hazirkart
2026-10-09,turkcell,faturasiz,konusma,b7f234dc-ea39-442c-9df3-a512fc730730,Aylık 8 GB İnternet Paketi,644.74,,1_ay,8,,,,https://www.turkcell.com.tr/paket-ve-tarifeler/konusma/aylik-8-gb-internet-paketi-hazirkart
2026-10-09,turkcell,faturali,yurt-disinda-kullanim,09c41112-03bd-4783-a0f2-5c3240d06cfa,Tarifen Yurt Dışında Geçerli Avantaj,500.0,,1_gun,,,,,https://www.turkcell.com.tr/paket-ve-tarifeler/yurt-disinda-kullanim/tarifen-yurt-disinda-gecerli-avantaj
2026-10-09,turkcell,faturali,yurt-disinda-kullanim,35d387ff-2f87-47df-839d-c229313fc685,Tarifen Yurt Dışında Geçerli Ekstra,600.0,,1_gun,,,,,https://www.turkcell.com.tr/paket-ve-tarifeler/yurt-disinda-kullanim/tarifen-yurt-disinda-gecerli-ekstra
2026-10-09,turkcell,faturali,yurt-disinda-kullanim,6744766b-e537-43a0-b0ae-e1e71a2e21e6,Avrupa Gezgin 1 GB,300.0,,1_hafta,1,200,100,,https://www.turkcell.com.tr/paket-ve-tarifeler/yurt-disinda-kullanim/avrupa-gezgin-paketi-1-gb
2026-10-09,turkcell,faturali,yurt-disinda-kullanim,07abe23c-5d1d-4600-b07f-4f4b21d4b51b,Avrupa Gezgin 3 GB,600.0,,2_hafta,3,200,100,,https://www.turkcell.com.tr/paket-ve-tarifeler/yurt-disinda-kullanim/avrupa-gezgin-3-gb
2026-10-09,turkcell,faturali,yurt-disinda-kullanim,18d4bf0d-992f-4804-94e8-b8bcc0b22eb5,Avrupa Gezgin 10 GB,1200.0,,2_hafta,10,500,200,,https://www.turkcell.com.tr/paket-ve-tarifeler/yurt-disinda-kullanim/avrupa-gezgin-10-gb
2026-10-09,turkcell,faturali,yurt-disinda-kullanim,e3264d0a-2c5a-4e0a-bf8d-87a29e769e2f,Global 1 GB,600.0,,1_hafta,1,100,100,,https://www.turkcell.com.tr/paket-ve-tarifeler/yurt-disinda-kullanim/global-1-gb
2026-10-09,turkcell,faturali,yurt-disinda-kullanim,15c0a2ff-15a2-4064-9552-beb5beeedeb6,Global 3 GB,1200.0,,2_hafta,3,300,200,,https://www.turkcell.com.tr/paket-ve-tarifeler/yurt-disinda-kullanim/global-3-gb
2026-10-09,turkcell,faturali,yurt-disinda-kullanim,31fe1909-4bc1-4b69-be3c-b05c9a2685ca,Suudi Arabistan 300 DK Paketi,250.0,,1_ay,0.098,150,100,,https://www.turkcell.com.tr/paket-ve-tarifeler/yurt-disinda-kullanim/suudi-arabistan-300-dk-paketi-v2
2026-10-09,turkcell,faturali,yurt-disinda-kullanim,134a31af-e043-4233-9386-12a81317f152,Suudi Arabistan 3 GB,600.0,,1_ay,3,400,100,,https://www.turkcell.com.tr/paket-ve-tarifeler/yurt-disinda-kullanim/suudi-arabistan-3-gb
2026-10-09,turkcell,faturali,yurt-disinda-kullanim,65e20b71-6390-435e-8ae8-97256ecc8474,Suudi Arabistan 10 GB,1200.0,,1_ay,10,500,100,,https://www.turkcell.com.tr/paket-ve-tarifeler/yurt-disinda-kullanim/suudi-arabistan-10-gb
2026-10-09,turkcell,faturali,yurt-disinda-kullanim,5bc32209-0748-4088-acae-db9f0ba615ff,KKTC 1 GB,400.0,,1_hafta,1,100,100,,https://www.turkcell.com.tr/paket-ve-tarifeler/yurt-disinda-kullanim/kktc-1-gb
2026-10-09,turkcell,faturali,yurt-disinda-kullanim,2f0439fc-f14c-4761-a9e4-0421f5d09816,KKTC 10 GB,1200.0,,2_hafta,10,1000,100,,https://www.turkcell.com.tr/paket-ve-tarifeler/yurt-disinda-kullanim/kktc-10-gb
2026-10-09,turkcell,faturali,yurt-disinda-kullanim,464d92b1-91e3-4935-a79d-136a12055da9,KKTC 20 GB Paketi,1800.0,,1_ay,20,1000,100,,https://www.turkcell.com.tr/paket-ve-tarifeler/yurt-disinda-kullanim/kktc-20-gb-paketi
2026-10-09,turkcell,faturali,yurt-disinda-kullanim,7f89ec98-423f-4748-aabd-ea76305e026d,Yurt Dışı Standart Paket,18.0,,1_dakika,,,,,https://www.turkcell.com.tr/paket-ve-tarifeler/yurt-disinda-kullanim/yurt-disi-standart-paket
2026-10-09,turkcell,faturali,yurt-disinda-kullanim,40018e4a-9fd5-4b56-af3a-68a2dece7982,Ücretsiz Tarifen Yurt Dışında Geçerli Faydası,0.0,,,,,,,https://www.turkcell.com.tr/paket-ve-tarifeler/yurt-disinda-kullanim/ucretsiz-tarifen-yurt-disinda-gecerli-faydasi
2026-10-09,turkcell,faturali,yurt-disinda-kullanim,eeb59fc5-a7e8-4f17-9848-b8d57fa08402,Tüm Dünya Paketi,400.0,,1_hafta,,100,100,,https://www.turkcell.com.tr/paket-ve-tarifeler/yurt-disinda-kullanim/tum-dunya-paketi-v2
2026-10-09,turkcell,faturali,yurt-disinda-kullanim,c529fd00-9906-4e35-8017-7946d1573227,Yurt Dışı Mobil Wifi Paketi,550.0,,1_hafta,0.488,,,,https://www.turkcell.com.tr/paket-ve-tarifeler/yurt-disinda-kullanim/yurt-disi-mobil-wifi-paketi
2026-10-09,turkcell,faturali,yurt-disini-arama,067188de-ae6f-494d-b376-d300c42f77b8,Türkiye’den Yurt Dışını Arama Tarifesi,7.5,,1_dakika,,,,,https://www.turkcell.com.tr/paket-ve-tarifeler/yurt-disini-arama/turkiyeden-yurt-disini-arama-tarifesi
2026-10-09,turkcell,faturali,yurt-disini-arama,39955851-816b-4dd6-8e0d-a911fbe32cd4,Ekonomik Avrupa 30 Paketi,180.0,,1_ay,,30,,,https://www.turkcell.com.tr/paket-ve-tarifeler/yurt-disini-arama/ekonomik-avrupa-30-paketi
2026-10-09,turkcell,faturali,yurt-disini-arama,c627cf9e-5224-4d72-a50f-8904006d0ac3,Alo Kıbrıs 1 Saat Paketi,200.0,,1_ay,,,,,https://www.turkcell.com.tr/paket-ve-tarifeler/yurt-disini-arama/alo-kibris-1-saat-paketi
2026-10-09,turkcell,faturali,yurt-disini-arama,ac244094-f5f5-452d-9b9b-a06503b214a9,Alo Dünya 1 Saat Paketi,400.0,,1_ay,,,,,https://www.turkcell.com.tr/paket-ve-tarifeler/yurt-disini-arama/alo-dunya-1-saat-paketi
2026-10-09,turkcell,faturali,yurt-disini-arama,7bcdc810-a32d-47b7-9f3e-7cc3f80a286a,Alo Avrupa 2 Saat Paketi,400.0,,1_ay,,,,,https://www.turkcell.com.tr/paket-ve-tarifeler/yurt-disini-arama/alo-avrupa-2-saat-paketi
2026-10-09,turkcell,faturali,yurt-disini-arama,a4708de3-cbc7-4c12-b9c2-0e7614ef2a7d,Alo Amerika 4 Saat Paketi,400.0,,1_ay,,,,,https://www.turkcell.com.tr/paket-ve-tarifeler/yurt-disini-arama/alo-amerika-4-saat-paketi
2026-10-09,turkcell,faturali,yurt-disini-arama,3eeda403-91f5-4b9e-b4b1-a7d0c8e708e2,Yurt Dışı Tek Fiyat,80.0,,1_ay,,,,,https://www.turkcell.com.tr/paket-ve-tarifeler/yurt-disini-arama/yurtdisi-tek-fiyat
2026-10-09,turkcell,faturali,yurt-disini-arama,6d443b3d-1e11-418c-82f4-6471ec545836,Uluslararası SMS Paketleri 100 SMS,130.0,,1_ay,,,100,,https://www.turkcell.com.tr/paket-ve-tarifeler/yurt-disini-arama/uluslararasi-sms-paketleri-100-sms
