date,operator,group,product_id,product_name,price,list_price,period,speed_mbps,upload_mbps,infrastructure,commitment_months,url
2026-10-08,turknet,segment-4,15091,"Özgür İletişim Gigafiber 1000 – 949,90 TL/Ay",949.9,,1_ay,1000,,FİBER,,https://www.turk.net/tarifelerimiz
2026-10-08,turknet,segment-4,15092,"Özgür İletişim Gigafiber 100 – 949,90 TL/Ay",949.9,,1_ay,100,,FİBER,,https://www.turk.net/tarifelerimiz
2026-10-08,turknet,segment-4,15093,"Özgür İletişim Fiber 100 – 949,90 TL/Ay (Yalın)",949.9,,1_ay,100,,VAE,,https://www.turk.net/tarifelerimiz
2026-10-08,turknet,segment-4,15094,"Özgür İletişim Fiber 100 – 949,90 TL/Ay",949.9,,1_ay,100,,VAE,,https://www.turk.net/tarifelerimiz
2026-10-08,turknet,segment-4,15095,"Özgür İletişim 100 – 949,90 TL/Ay (Yalın)",949.9,,1_ay,100,,VAE,,https://www.turk.net/tarifelerimiz
2026-10-08,turknet,segment-4,15096,"Özgür İletişim 100 – 949,90 TL/Ay",949.9,,1_ay,100,,VAE,,https://www.turk.net/tarifelerimiz
2026-10-08,turknet,segment-4,15097,"Özgür İletişim 75 – 949,90 TL/Ay (Yalın)",949.9,,1_ay,75,,VAE,,https://www.turk.net/tarifelerimiz
2026-10-08,turknet,segment-4,15098,"Özgür İletişim 75 – 949,90 TL/Ay",949.9,,1_ay,75,,VAE,,https://www.turk.net/tarifelerimiz
2026-10-08,turknet,segment-4,15099,"Özgür İletişim 50 – 949,90 TL/Ay (Yalın)",949.9,,1_ay,50,,VAE,,https://www.turk.net/tarifelerimiz
2026-10-08,turknet,segment-4,15100,"Özgür İletişim 50 – 949,90 TL/Ay",949.9,,1_ay,50,,VAE,,https://www.turk.net/tarifelerimiz
2026-10-08,turknet,segment-4,15101,"Özgür İletişim 35 – 949,90 TL/Ay (Yalın)",949.9,,1_ay,35,,VAE,,https://www.turk.net/tarifelerimiz
2026-10-08,turknet,segment-4,15102,"Özgür İletişim 35 – 949,90 TL/Ay",949.9,,1_ay,35,,VAE,,https://www.turk.net/tarifelerimiz
2026-10-08,turknet,segment-4,15103,"Özgür İletişim 16 – 949,90 TL/Ay (Yalın)",949.9,,1_ay,16,,VAE,,https://www.turk.net/tarifelerimiz
2026-10-08,turknet,segment-4,15104,"Özgür İletişim 16 – 949,90 TL/Ay",949.9,,1_ay,16,,VAE,,https://www.turk.net/tarifelerimiz
