date,operator,group,product_id,product_name,service,price,list_price,url
2026-10-09,huawei,Telefon/P Serisi,SPCG80005050-02357RMT,HUAWEI Pura 90s Pro Max,Pil,3371.94,,https://consumer.huawei.com/tr/support/sparepart-price/
2026-10-09,huawei,Telefon/P Serisi,SPCG80005050-23061107,HUAWEI Pura 90s Pro Max,Makro Telefoto Kamera,7132.2,,https://consumer.huawei.com/tr/support/sparepart-price/
2026-10-09,huawei,Telefon/P Serisi,SPCG80005050-23061019-012,HUAWEI Pura 90s Pro Max,Ultra Geniş Açı Kamerası,3290.15,,https://consumer.huawei.com/tr/support/sparepart-price/
2026-10-09,huawei,Telefon/P Serisi,SPCG80005050-23061114,HUAWEI Pura 90s Pro Max,Ultra Diyafram Kamerası,5975.08,,https://consumer.huawei.com/tr/support/sparepart-price/
2026-10-09,huawei,Telefon/P Serisi,SPCG80005050-23061071,HUAWEI Pura 90s Pro Max,Ultra Krom Kamera,2214.88,,https://consumer.huawei.com/tr/support/sparepart-price/
2026-10-09,huawei,Telefon/P Serisi,SPCG80005050-02357TTT,HUAWEI Pura 90s Pro Max,Ekran gövdesi,15725.93,,https://consumer.huawei.com/tr/support/sparepart-price/
2026-10-09,huawei,Telefon/P Serisi,SPCG80005050-02357QGN,HUAWEI Pura 90s Pro Max,Kapak,3934.97,,https://consumer.huawei.com/tr/support/sparepart-price/
2026-10-09,huawei,Telefon/P Serisi,SPCG80005050-02357TTQ,HUAWEI Pura 90s Pro Max,Ekran,25477.49,,https://consumer.huawei.com/tr/support/sparepart-price/
2026-10-09,huawei,Telefon/P Serisi,SPCG80005050-03036XRP,HUAWEI Pura 90s Pro Max,Anakart,50681.2,,https://consumer.huawei.com/tr/support/sparepart-price/
2026-10-09,huawei,Telefon/P Serisi,SPCG80005049-02357TSB,HUAWEI Pura 90s Pro,Pil,3371.94,,https://consumer.huawei.com/tr/support/sparepart-price/
2026-10-09,huawei,Telefon/P Serisi,SPCG80005049-02357QHK,HUAWEI Pura 90s Pro,Makro Telefoto Kamera,6512.54,,https://consumer.huawei.com/tr/support/sparepart-price/
2026-10-09,huawei,Telefon/P Serisi,SPCG80005049-23061111,HUAWEI Pura 90s Pro,Ultra Geniş Açı Kamerası,2090.91,,https://consumer.huawei.com/tr/support/sparepart-price/
2026-10-09,huawei,Telefon/P Serisi,SPCG80005049-23061113,HUAWEI Pura 90s Pro,Ultra Diyafram Kamerası,5356.12,,https://consumer.huawei.com/tr/support/sparepart-price/
2026-10-09,huawei,Telefon/P Serisi,SPCG80005049-23061071-001,HUAWEI Pura 90s Pro,Ultra Krom Kamera,2992.28,,https://consumer.huawei.com/tr/support/sparepart-price/
2026-10-09,huawei,Telefon/P Serisi,SPCG80005049-02357SKQ,HUAWEI Pura 90s Pro,Ekran gövdesi,12751.29,,https://consumer.huawei.com/tr/support/sparepart-price/
2026-10-09,huawei,Telefon/P Serisi,SPCG80005049-02357PTT,HUAWEI Pura 90s Pro,Kapak,3757.62,,https://consumer.huawei.com/tr/support/sparepart-price/
2026-10-09,huawei,Telefon/P Serisi,SPCG80005049-02357TSH,HUAWEI Pura 90s Pro,Ekran,20518.81,,https://consumer.huawei.com/tr/support/sparepart-price/
2026-10-09,huawei,Telefon/P Serisi,SPCG80005049-03036YSP,HUAWEI Pura 90s Pro,Anakart,38285.2,,https://consumer.huawei.com/tr/support/sparepart-price/
2026-10-09,huawei,Telefon/P Serisi,SPCG80003157-02357DDH,HUAWEI Pura 80 Ultra,Pil,2327.66,,https://consumer.huawei.com/tr/support/sparepart-price/
2026-10-09,huawei,Telefon/P Serisi,SPCG80003157-02357BQP,HUAWEI Pura 80 Ultra,Kapak,3979.74,,https://consumer.huawei.com/tr/support/sparepart-price/
2026-10-09,huawei,Telefon/P Serisi,SPCG80003157-03036GUY,HUAWEI Pura 80 Ultra,Anakart,31608.05,,https://consumer.huawei.com/tr/support/sparepart-price/
2026-10-09,huawei,Telefon/P Serisi,SPCG80003157-02357ECT,HUAWEI Pura 80 Ultra,Ekran,16623.81,,https://consumer.huawei.com/tr/support/sparepart-price/
2026-10-09,huawei,Telefon/P Serisi,SPCG80003155-02357DDH,HUAWEI Pura 80 Pro,Pil,2327.66,,https://consumer.huawei.com/tr/support/sparepart-price/
2026-10-09,huawei,Telefon/P Serisi,SPCG80003155-02357BQL,HUAWEI Pura 80 Pro,Kapak,3567.36,,https://consumer.huawei.com/tr/support/sparepart-price/
2026-10-09,huawei,Telefon/P Serisi,SPCG80003155-03036GUX,HUAWEI Pura 80 Pro,Anakart,24031.62,,https://consumer.huawei.com/tr/support/sparepart-price/
2026-10-09,huawei,Telefon/P Serisi,SPCG80003155-02357ECQ,HUAWEI Pura 80 Pro,Ekran,14098.1,,https://consumer.huawei.com/tr/support/sparepart-price/
2026-10-09,huawei,Telefon/P Serisi,SPCG80002171-02356FCT,HUAWEI Pura 70 Ultra,Pil,2310.44,,https://consumer.huawei.com/tr/support/sparepart-price/
2026-10-09,huawei,Telefon/P Serisi,SPCG80002171-02356HXW,HUAWEI Pura 70 Ultra,Kapak,3370.22,,https://consumer.huawei.com/tr/support/sparepart-price/
2026-10-09,huawei,Telefon/P Serisi,SPCG80002171-03035NTY,HUAWEI Pura 70 Ultra,Anakart,40935.26,,https://consumer.huawei.com/tr/support/sparepart-price/
2026-10-09,huawei,Telefon/P Serisi,SPCG80002171-02356HVV,HUAWEI Pura 70 Ultra,Ekran,16032.95,,https://consumer.huawei.com/tr/support/sparepart-price/
2026-10-09,huawei,Telefon/P Serisi,SPCG80002169-02356DSJ,HUAWEI Pura 70 Pro,Pil,2310.44,,https://consumer.huawei.com/tr/support/sparepart-price/
2026-10-09,huawei,Telefon/P Serisi,SPCG80002169-02356HGD,HUAWEI Pura 70 Pro,Kapak,3044.79,,https://consumer.huawei.com/tr/support/sparepart-price/
2026-10-09,huawei,Telefon/P Serisi,SPCG80002169-03035MEA,HUAWEI Pura 70 Pro,Anakart,22343.37,,https://consumer.huawei.com/tr/support/sparepart-price/
2026-10-09,huawei,Telefon/P Serisi,SPCG80002169-02356HDV,HUAWEI Pura 70 Pro,Ekran,11054.6,,https://consumer.huawei.com/tr/support/sparepart-price/
2026-10-09,huawei,Telefon/P Serisi,SPCG80002168-02356DQN,HUAWEI Pura 70,Pil,2310.44,,https://consumer.huawei.com/tr/support/sparepart-price/
2026-10-09,huawei,Telefon/P Serisi,SPCG80002168-02356HGH,HUAWEI Pura 70,Kapak,3044.79,,https://consumer.huawei.com/tr/support/sparepart-price/
2026-10-09,huawei,Telefon/P Serisi,SPCG80002168-03035MDH,HUAWEI Pura 70,Anakart,16366.67,,https://consumer.huawei.com/tr/support/sparepart-price/
2026-10-09,huawei,Telefon/P Serisi,SPCG80002168-02356HAH,HUAWEI Pura 70,Ekran,10389.98,,https://consumer.huawei.com/tr/support/sparepart-price/
2026-10-09,huawei,Telefon/P Serisi,SPCG80001064-02355MEB,HUAWEI P60 Pro,Pil,2202.82,,https://consumer.huawei.com/tr/support/sparepart-price/
2026-10-09,huawei,Telefon/P Serisi,SPCG80001064-02355NJQ,HUAWEI P60 Pro,Kapak,4939.65,,https://consumer.huawei.com/tr/support/sparepart-price/
2026-10-09,huawei,Telefon/P Serisi,SPCG80001064-03035AJC,HUAWEI P60 Pro,Anakart,21476.4,,https://consumer.huawei.com/tr/support/sparepart-price/
2026-10-09,huawei,Telefon/P Serisi,SPCG80001064-02355MUT,HUAWEI P60 Pro,Ekran,5685.62,,https://consumer.huawei.com/tr/support/sparepart-price/
2026-10-09,huawei,Telefon/P Serisi,SPCG00016425-02354HFN,HUAWEI P50 Pro,Pil,2064.22,,https://consumer.huawei.com/tr/support/sparepart-price/
2026-10-09,huawei,Telefon/P Serisi,SPCG00016425-02354RRR,HUAWEI P50 Pro,Kapak,3223.0,,https://consumer.huawei.com/tr/support/sparepart-price/
2026-10-09,huawei,Telefon/P Serisi,SPCG00016425-03034LUJ,HUAWEI P50 Pro,Anakart,8823.97,,https://consumer.huawei.com/tr/support/sparepart-price/
2026-10-09,huawei,Telefon/P Serisi,SPCG00016425-02354SNU,HUAWEI P50 Pro,Ekran,4730.84,,https://consumer.huawei.com/tr/support/sparepart-price/
2026-10-09,huawei,Telefon/P Serisi,SPCG00017924-02354SKK,HUAWEI P50 Pocket ,Pil,2255.53,,https://consumer.huawei.com/tr/support/sparepart-price/
2026-10-09,huawei,Telefon/P Serisi,SPCG00017924-02354SSY,HUAWEI P50 Pocket ,Üst Arka Kapak,2233.85,,https://consumer.huawei.com/tr/support/sparepart-price/
2026-10-09,huawei,Telefon/P Serisi,SPCG00017924-02354TXM,HUAWEI P50 Pocket ,Alt Arka Kapak,2076.97,,https://consumer.huawei.com/tr/support/sparepart-price/
2026-10-09,huawei,Telefon/P Serisi,SPCG00017924-03034NFX,HUAWEI P50 Pocket ,Anakart,8847.85,,https://consumer.huawei.com/tr/support/sparepart-price/
2026-10-09,huawei,Telefon/P Serisi,SPCG00017924-02354SSX,HUAWEI P50 Pocket ,Ekran,9079.0,,https://consumer.huawei.com/tr/support/sparepart-price/
2026-10-09,huawei,Telefon/P Serisi,SPCG00012245-02353MET,HUAWEI P40 Pro,Pil,1416.3,,https://consumer.huawei.com/tr/support/sparepart-price/
2026-10-09,huawei,Telefon/P Serisi,SPCG00012245-02353MEL,HUAWEI P40 Pro,Kapak,1844.85,,https://consumer.huawei.com/tr/support/sparepart-price/
2026-10-09,huawei,Telefon/P Serisi,SPCG00012245-03033NEK,HUAWEI P40 Pro,Anakart,7369.66,,https://consumer.huawei.com/tr/support/sparepart-price/
2026-10-09,huawei,Telefon/P Serisi,SPCG00012245-02353PJG,HUAWEI P40 Pro,Ekran,16305.55,,https://consumer.huawei.com/tr/support/sparepart-price/
2026-10-09,huawei,Telefon/P Serisi,SPCG00012264-24023071,HUAWEI P40,Pil,1472.42,,https://consumer.huawei.com/tr/support/sparepart-price/
2026-10-09,huawei,Telefon/P Serisi,SPCG00012264-02353MGF,HUAWEI P40,Kapak,2070.24,,https://consumer.huawei.com/tr/support/sparepart-price/
2026-10-09,huawei,Telefon/P Serisi,SPCG00012264-03033NEQ,HUAWEI P40,Anakart,4730.14,,https://consumer.huawei.com/tr/support/sparepart-price/
2026-10-09,huawei,Telefon/P Serisi,SPCG00012264-02353MFW,HUAWEI P40,Ekran,5117.86,,https://consumer.huawei.com/tr/support/sparepart-price/
2026-10-09,huawei,Telefon/P Serisi,SPCG00011745-24023099,HUAWEI P40 lite,Pil,1559.15,,https://consumer.huawei.com/tr/support/sparepart-price/
2026-10-09,huawei,Telefon/P Serisi,SPCG00011745-02353MVE,HUAWEI P40 lite,Kapak,1401.0,,https://consumer.huawei.com/tr/support/sparepart-price/
2026-10-09,huawei,Telefon/P Serisi,SPCG00011745-03033NNU,HUAWEI P40 lite,Anakart,3003.47,,https://consumer.huawei.com/tr/support/sparepart-price/
2026-10-09,huawei,Telefon/P Serisi,SPCG00011745-02353KFV,HUAWEI P40 lite,Ekran,2239.84,,https://consumer.huawei.com/tr/support/sparepart-price/
2026-10-09,huawei,Telefon/P Serisi,SPCG00009146-24022946,HUAWEI P30 Pro,Pil,2055.29,,https://consumer.huawei.com/tr/support/sparepart-price/
2026-10-09,huawei,Telefon/P Serisi,SPCG00009146-02352PGM,HUAWEI P30 Pro,Kapak,3086.12,,https://consumer.huawei.com/tr/support/sparepart-price/
2026-10-09,huawei,Telefon/P Serisi,SPCG00009146-03033DLL,HUAWEI P30 Pro,Anakart,20393.76,,https://consumer.huawei.com/tr/support/sparepart-price/
2026-10-09,huawei,Telefon/P Serisi,SPCG00009146-02352PGH,HUAWEI P30 Pro,Ekran,10314.8,,https://consumer.huawei.com/tr/support/sparepart-price/
2026-10-09,huawei,Telefon/P Serisi,SPCG00009089-24022804,HUAWEI P30,Pil,1826.99,,https://consumer.huawei.com/tr/support/sparepart-price/
2026-10-09,huawei,Telefon/P Serisi,SPCG00009089-02352NMN,HUAWEI P30,Kapak,4825.69,,https://consumer.huawei.com/tr/support/sparepart-price/
2026-10-09,huawei,Telefon/P Serisi,SPCG00009089-03033CLG,HUAWEI P30,Anakart,21649.94,,https://consumer.huawei.com/tr/support/sparepart-price/
2026-10-09,huawei,Telefon/P Serisi,SPCG00009089-02352NLN,HUAWEI P30,Ekran,7173.65,,https://consumer.huawei.com/tr/support/sparepart-price/
2026-10-09,huawei,Telefon/P Serisi,SPCG00008908-24022872,HUAWEI P30 lite,Pil,1825.71,,https://consumer.huawei.com/tr/support/sparepart-price/
2026-10-09,huawei,Telefon/P Serisi,SPCG00008908-02352RPY,HUAWEI P30 lite,Kapak,2077.99,,https://consumer.huawei.com/tr/support/sparepart-price/
2026-10-09,huawei,Telefon/P Serisi,SPCG00008908-03033DUU,HUAWEI P30 lite,Anakart,4984.46,,https://consumer.huawei.com/tr/support/sparepart-price/
2026-10-09,huawei,Telefon/P Serisi,SPCG00008908-02352RQA,HUAWEI P30 lite,Ekran,4618.53,,https://consumer.huawei.com/tr/support/sparepart-price/
2026-10-09,huawei,Telefon/P Serisi,SPCG00007460-24022342,HUAWEI P20 Pro,Pil,1860.15,,https://consumer.huawei.com/tr/support/sparepart-price/
2026-10-09,huawei,Telefon/P Serisi,SPCG00007460-02351WRQ,HUAWEI P20 Pro,Kapak,3333.2,,https://consumer.huawei.com/tr/support/sparepart-price/
2026-10-09,huawei,Telefon/P Serisi,SPCG00007460-03032WRF,HUAWEI P20 Pro,Anakart,41251.41,,https://consumer.huawei.com/tr/support/sparepart-price/
2026-10-09,huawei,Telefon/P Serisi,SPCG00007460-02351WTP,HUAWEI P20 Pro,Ekran,22169.83,,https://consumer.huawei.com/tr/support/sparepart-price/
2026-10-09,huawei,Telefon/P Serisi,SPCG00013924-24023342,HUAWEI P smart 2021,Pil,1333.4,,https://consumer.huawei.com/tr/support/sparepart-price/
2026-10-09,huawei,Telefon/P Serisi,SPCG00013924-97071ADV,HUAWEI P smart 2021,Kapak,1592.31,,https://consumer.huawei.com/tr/support/sparepart-price/
2026-10-09,huawei,Telefon/P Serisi,SPCG00013924-03033YAP,HUAWEI P smart 2021,Anakart,2662.55,,https://consumer.huawei.com/tr/support/sparepart-price/
2026-10-09,huawei,Telefon/P Serisi,SPCG00013924-02354ADC,HUAWEI P smart 2021,Ekran,2069.32,,https://consumer.huawei.com/tr/support/sparepart-price/
2026-10-09,huawei,Telefon/P Serisi,SPCG00010404-24022915,HUAWEI P smart Pro,Pil,1865.25,,https://consumer.huawei.com/tr/support/sparepart-price/
2026-10-09,huawei,Telefon/P Serisi,SPCG00010404-02353JKP,HUAWEI P smart Pro,Kapak,2263.95,,https://consumer.huawei.com/tr/support/sparepart-price/
2026-10-09,huawei,Telefon/P Serisi,SPCG00010404-03033KGL,HUAWEI P smart Pro,Anakart,9038.95,,https://consumer.huawei.com/tr/support/sparepart-price/
2026-10-09,huawei,Telefon/P Serisi,SPCG00010404-02353HRD,HUAWEI P smart Pro,Ekran,4520.07,,https://consumer.huawei.com/tr/support/sparepart-price/
2026-10-09,huawei,Telefon/Mate Serisi,SPCG80004111-02357JJU,HUAWEI Mate X7,Pil,3086.98,,https://consumer.huawei.com/tr/support/sparepart-price/
2026-10-09,huawei,Telefon/Mate Serisi,SPCG80004111-23061065,HUAWEI Mate X7,Telefoto kamera,6239.94,,https://consumer.huawei.com/tr/support/sparepart-price/
2026-10-09,huawei,Telefon/Mate Serisi,SPCG80004111-02357HNS,HUAWEI Mate X7,Ultra Geniş Açı Kamerası,3596.63,,https://consumer.huawei.com/tr/support/sparepart-price/
2026-10-09,huawei,Telefon/Mate Serisi,SPCG80004111-23061091,HUAWEI Mate X7,Ultra Diyafram Kamerası,7304.32,,https://consumer.huawei.com/tr/support/sparepart-price/
2026-10-09,huawei,Telefon/Mate Serisi,SPCG80004111-23061071-001,HUAWEI Mate X7,Ultra Krom Kamera,2992.28,,https://consumer.huawei.com/tr/support/sparepart-price/
2026-10-09,huawei,Telefon/Mate Serisi,SPCG80004111-23061080,HUAWEI Mate X7,Dış Ekran Kamerası,3683.59,,https://consumer.huawei.com/tr/support/sparepart-price/
2026-10-09,huawei,Telefon/Mate Serisi,SPCG80004111-23061012-001,HUAWEI Mate X7,İç Ekran Ön Kamerası,3683.59,,https://consumer.huawei.com/tr/support/sparepart-price/
2026-10-09,huawei,Telefon/Mate Serisi,SPCG80004111-02357JUN,HUAWEI Mate X7,Kapak,4618.43,,https://consumer.huawei.com/tr/support/sparepart-price/
2026-10-09,huawei,Telefon/Mate Serisi,SPCG80004111-02357HPV,HUAWEI Mate X7,Dış Ekran,10730.72,,https://consumer.huawei.com/tr/support/sparepart-price/
2026-10-09,huawei,Telefon/Mate Serisi,SPCG80004111-02357JRJ,HUAWEI Mate X7,Ekran,44672.89,,https://consumer.huawei.com/tr/support/sparepart-price/
2026-10-09,huawei,Telefon/Mate Serisi,SPCG80004111-03036NGK,HUAWEI Mate X7,Anakart,60360.4,,https://consumer.huawei.com/tr/support/sparepart-price/
2026-10-09,huawei,Telefon/Mate Serisi,SPCG80002674-02356RJB,HUAWEI Mate X6,Pil,3026.71,,https://consumer.huawei.com/tr/support/sparepart-price/
2026-10-09,huawei,Telefon/Mate Serisi,SPCG80002674-02356RJP,HUAWEI Mate X6,Makro Telefoto Kamera,6475.3,,https://consumer.huawei.com/tr/support/sparepart-price/
2026-10-09,huawei,Telefon/Mate Serisi,SPCG80002674-23061019,HUAWEI Mate X6,Ultra Geniş Açı Kamerası,3520.87,,https://consumer.huawei.com/tr/support/sparepart-price/
2026-10-09,huawei,Telefon/Mate Serisi,SPCG80002674-23061013,HUAWEI Mate X6,Ultra Diyafram Kamerası,6048.14,,https://consumer.huawei.com/tr/support/sparepart-price/
2026-10-09,huawei,Telefon/Mate Serisi,SPCG80002674-23061026,HUAWEI Mate X6,Ultra Krom Kamera,2907.05,,https://consumer.huawei.com/tr/support/sparepart-price/
2026-10-09,huawei,Telefon/Mate Serisi,SPCG80002674-02356RJS,HUAWEI Mate X6,Dış Ekran Kamerası,3604.38,,https://consumer.huawei.com/tr/support/sparepart-price/
2026-10-09,huawei,Telefon/Mate Serisi,SPCG80002674-23061012,HUAWEI Mate X6,İç Ekran Ön Kamerası,3604.38,,https://consumer.huawei.com/tr/support/sparepart-price/
2026-10-09,huawei,Telefon/Mate Serisi,SPCG80002674-02356UDA,HUAWEI Mate X6,Kapak,4511.64,,https://consumer.huawei.com/tr/support/sparepart-price/
2026-10-09,huawei,Telefon/Mate Serisi,SPCG80002674-02356RJA,HUAWEI Mate X6,Dış Ekran,8098.92,,https://consumer.huawei.com/tr/support/sparepart-price/
2026-10-09,huawei,Telefon/Mate Serisi,SPCG80002674-02356RSF,HUAWEI Mate X6,Ekran,43990.0,,https://consumer.huawei.com/tr/support/sparepart-price/
2026-10-09,huawei,Telefon/Mate Serisi,SPCG80002674-03035XWJ,HUAWEI Mate X6,Anakart,43818.58,,https://consumer.huawei.com/tr/support/sparepart-price/
2026-10-09,huawei,Telefon/Mate Serisi,SPCG80001028-02355RCW,HUAWEI Mate X3,Pil,2087.46,,https://consumer.huawei.com/tr/support/sparepart-price/
2026-10-09,huawei,Telefon/Mate Serisi,SPCG80001028-02355MQJ,HUAWEI Mate X3,Kapak,2325.07,,https://consumer.huawei.com/tr/support/sparepart-price/
2026-10-09,huawei,Telefon/Mate Serisi,SPCG80001028-03035ADC,HUAWEI Mate X3,Anakart,50035.55,,https://consumer.huawei.com/tr/support/sparepart-price/
2026-10-09,huawei,Telefon/Mate Serisi,SPCG80001028-02355MQG,HUAWEI Mate X3,Ekran,44967.26,,https://consumer.huawei.com/tr/support/sparepart-price/
2026-10-09,huawei,Telefon/Mate Serisi,SPCG00019125-02355EGD,HUAWEI Mate 50 Pro,Pil,1738.99,,https://consumer.huawei.com/tr/support/sparepart-price/
2026-10-09,huawei,Telefon/Mate Serisi,SPCG00019125-02355GCV,HUAWEI Mate 50 Pro,Kapak,2148.4,,https://consumer.huawei.com/tr/support/sparepart-price/
2026-10-09,huawei,Telefon/Mate Serisi,SPCG00019125-03034UNM,HUAWEI Mate 50 Pro,Anakart,13847.28,,https://consumer.huawei.com/tr/support/sparepart-price/
2026-10-09,huawei,Telefon/Mate Serisi,SPCG00019125-02355ETM,HUAWEI Mate 50 Pro,Ekran,14570.22,,https://consumer.huawei.com/tr/support/sparepart-price/
2026-10-09,huawei,Telefon/Mate Serisi,SPCG00018267-02354WLE,HUAWEI Mate Xs 2,Pil,2233.85,,https://consumer.huawei.com/tr/support/sparepart-price/
2026-10-09,huawei,Telefon/Mate Serisi,SPCG00018267-02355ADH,HUAWEI Mate Xs 2,Kapak,2524.8,,https://consumer.huawei.com/tr/support/sparepart-price/
2026-10-09,huawei,Telefon/Mate Serisi,SPCG00018267-03034RQH,HUAWEI Mate Xs 2,Anakart,35248.02,,https://consumer.huawei.com/tr/support/sparepart-price/
2026-10-09,huawei,Telefon/Mate Serisi,SPCG00018267-02354WNL,HUAWEI Mate Xs 2,Ekran,38431.33,,https://consumer.huawei.com/tr/support/sparepart-price/
2026-10-09,huawei,Telefon/Mate Serisi,SPCG00014466-02353XXB,HUAWEI Mate 40 Pro,Ön Kamera,2200.69,,https://consumer.huawei.com/tr/support/sparepart-price/
2026-10-09,huawei,Telefon/Mate Serisi,SPCG00014466-23160023,HUAWEI Mate 40 Pro,Telefoto kamera,1975.54,,https://consumer.huawei.com/tr/support/sparepart-price/
2026-10-09,huawei,Telefon/Mate Serisi,SPCG00014466-23160015,HUAWEI Mate 40 Pro,Kamera,3192.01,,https://consumer.huawei.com/tr/support/sparepart-price/
2026-10-09,huawei,Telefon/Mate Serisi,SPCG00014466-02353XXA,HUAWEI Mate 40 Pro,Pil,1478.8,,https://consumer.huawei.com/tr/support/sparepart-price/
2026-10-09,huawei,Telefon/Mate Serisi,SPCG00014466-02353XYF,HUAWEI Mate 40 Pro,Kapak,2586.79,,https://consumer.huawei.com/tr/support/sparepart-price/
2026-10-09,huawei,Telefon/Mate Serisi,SPCG00014466-03033XCS,HUAWEI Mate 40 Pro,Anakart,5578.13,,https://consumer.huawei.com/tr/support/sparepart-price/
2026-10-09,huawei,Telefon/Mate Serisi,SPCG00014466-02353YXC,HUAWEI Mate 40 Pro,Ekran,8675.73,,https://consumer.huawei.com/tr/support/sparepart-price/
2026-10-09,huawei,Telefon/Mate Serisi,SPCG00011625-02353DUQ,HUAWEI Mate Xs,Pil,1907.34,,https://consumer.huawei.com/tr/support/sparepart-price/
2026-10-09,huawei,Telefon/Mate Serisi,SPCG00011625-02353DUJ,HUAWEI Mate Xs,Kamera Bileşeni,2121.04,,https://consumer.huawei.com/tr/support/sparepart-price/
2026-10-09,huawei,Telefon/Mate Serisi,SPCG00011625-03033PQK,HUAWEI Mate Xs,Anakart,8668.0,,https://consumer.huawei.com/tr/support/sparepart-price/
2026-10-09,huawei,Telefon/Mate Serisi,SPCG00011625-02353LYT,HUAWEI Mate Xs,Sol Arka Kapak,2032.33,,https://consumer.huawei.com/tr/support/sparepart-price/
2026-10-09,huawei,Telefon/Mate Serisi,SPCG00011625-02353NKQ,HUAWEI Mate Xs,Sağ Arka Kapak,1986.42,,https://consumer.huawei.com/tr/support/sparepart-price/
2026-10-09,huawei,Telefon/Mate Serisi,SPCG00011625-02353LYS,HUAWEI Mate Xs,Ekran,24549.41,,https://consumer.huawei.com/tr/support/sparepart-price/
2026-10-09,huawei,Telefon/Mate Serisi,SPCG00010144-24023619,HUAWEI Mate 30 Pro,Pil,2338.43,,https://consumer.huawei.com/tr/support/sparepart-price/
2026-10-09,huawei,Telefon/Mate Serisi,SPCG00010144-02353FFY,HUAWEI Mate 30 Pro,Kapak,2090.91,,https://consumer.huawei.com/tr/support/sparepart-price/
2026-10-09,huawei,Telefon/Mate Serisi,SPCG00010144-03033MGL,HUAWEI Mate 30 Pro,Anakart,7386.52,,https://consumer.huawei.com/tr/support/sparepart-price/
2026-10-09,huawei,Telefon/Mate Serisi,SPCG00010144-02353EQX,HUAWEI Mate 30 Pro,Ekran,8169.88,,https://consumer.huawei.com/tr/support/sparepart-price/
2026-10-09,huawei,Telefon/Mate Serisi,SPCG00008507-24022762,HUAWEI Mate 20 Pro,Pil,2055.29,,https://consumer.huawei.com/tr/support/sparepart-price/
2026-10-09,huawei,Telefon/Mate Serisi,SPCG00008507-02352GCH,HUAWEI Mate 20 Pro,Kapak,2991.42,,https://consumer.huawei.com/tr/support/sparepart-price/
2026-10-09,huawei,Telefon/Mate Serisi,SPCG00008507-03033APD,HUAWEI Mate 20 Pro,Anakart,15541.86,,https://consumer.huawei.com/tr/support/sparepart-price/
2026-10-09,huawei,Telefon/Mate Serisi,SPCG00008507-02352GFX,HUAWEI Mate 20 Pro,Ekran,9171.03,,https://consumer.huawei.com/tr/support/sparepart-price/
2026-10-09,huawei,Telefon/Mate Serisi,SPCG00006400-24022342,HUAWEI Mate 10 Pro,Pil,1860.15,,https://consumer.huawei.com/tr/support/sparepart-price/
2026-10-09,huawei,Telefon/Mate Serisi,SPCG00006400-02351RWH,HUAWEI Mate 10 Pro,Kapak,2646.19,,https://consumer.huawei.com/tr/support/sparepart-price/
2026-10-09,huawei,Telefon/Mate Serisi,SPCG00006400-03032UVS,HUAWEI Mate 10 Pro,Anakart,23019.93,,https://consumer.huawei.com/tr/support/sparepart-price/
2026-10-09,huawei,Telefon/Mate Serisi,SPCG00006400-02351RVH,HUAWEI Mate 10 Pro,Ekran,20510.38,,https://consumer.huawei.com/tr/support/sparepart-price/
2026-10-09,huawei,Telefon/Y Serisi,SPCG00012125-24023085,HUAWEI Y6p,Pil,1277.28,,https://consumer.huawei.com/tr/support/sparepart-price/
2026-10-09,huawei,Telefon/Y Serisi,SPCG00012125-02353QQW,HUAWEI Y6p,Kapak,1337.23,,https://consumer.huawei.com/tr/support/sparepart-price/
2026-10-09,huawei,Telefon/Y Serisi,SPCG00012125-03033QKU,HUAWEI Y6p,Anakart,2134.37,,https://consumer.huawei.com/tr/support/sparepart-price/
2026-10-09,huawei,Telefon/Y Serisi,SPCG00012125-02353LKV,HUAWEI Y6p,Ekran,2110.13,,https://consumer.huawei.com/tr/support/sparepart-price/
2026-10-09,huawei,Telefon/Y Serisi,SPCG00012248-24022610,HUAWEI Y5p,Pil,1378.04,,https://consumer.huawei.com/tr/support/sparepart-price/
2026-10-09,huawei,Telefon/Y Serisi,SPCG00012248-97070XVF,HUAWEI Y5p,Kapak,1316.82,,https://consumer.huawei.com/tr/support/sparepart-price/
2026-10-09,huawei,Telefon/Y Serisi,SPCG00012248-03033RMP,HUAWEI Y5p,Anakart,2045.28,,https://consumer.huawei.com/tr/support/sparepart-price/
2026-10-09,huawei,Telefon/Y Serisi,SPCG00012248-02353RJP,HUAWEI Y5p,Ekran,1468.6,,https://consumer.huawei.com/tr/support/sparepart-price/
2026-10-09,huawei,Telefon/Y Serisi,SPCG00009227-24022915,HUAWEI Y9 Prime 2019,Pil,1865.25,,https://consumer.huawei.com/tr/support/sparepart-price/
2026-10-09,huawei,Telefon/Y Serisi,SPCG00009227-02352SAE,HUAWEI Y9 Prime 2019,Kapak,1997.9,,https://consumer.huawei.com/tr/support/sparepart-price/
2026-10-09,huawei,Telefon/Y Serisi,SPCG00009227-03033GUQ,HUAWEI Y9 Prime 2019,Anakart,12200.48,,https://consumer.huawei.com/tr/support/sparepart-price/
2026-10-09,huawei,Telefon/Y Serisi,SPCG00009227-02352RXU,HUAWEI Y9 Prime 2019,Ekran,3984.9,,https://consumer.huawei.com/tr/support/sparepart-price/
2026-10-09,huawei,Telefon/Nova Serisi,SPCG80003609-02357EWA,HUAWEI nova 14 Pro,Pil,2327.66,,https://consumer.huawei.com/tr/support/sparepart-price/
2026-10-09,huawei,Telefon/Nova Serisi,SPCG80003609-02356WWB,HUAWEI nova 14 Pro,Kapak,2742.61,,https://consumer.huawei.com/tr/support/sparepart-price/
2026-10-09,huawei,Telefon/Nova Serisi,SPCG80003609-03036LVX,HUAWEI nova 14 Pro,Anakart,15613.52,,https://consumer.huawei.com/tr/support/sparepart-price/
2026-10-09,huawei,Telefon/Nova Serisi,SPCG80003609-02357EQU,HUAWEI nova 14 Pro,Ekran,8205.01,,https://consumer.huawei.com/tr/support/sparepart-price/
2026-10-09,huawei,Telefon/Nova Serisi,SPCG80002720-97071PAS,HUAWEI nova 13 Pro,Ön Kamera,2324.4,,https://consumer.huawei.com/tr/support/sparepart-price/
2026-10-09,huawei,Telefon/Nova Serisi,SPCG80002720-23060991,HUAWEI nova 13 Pro,Makro Telefoto Kamera,2593.68,,https://consumer.huawei.com/tr/support/sparepart-price/
2026-10-09,huawei,Telefon/Nova Serisi,SPCG80002720-23060854-002,HUAWEI nova 13 Pro,Ultra Geniş Açı Kamerası,1829.54,,https://consumer.huawei.com/tr/support/sparepart-price/
2026-10-09,huawei,Telefon/Nova Serisi,SPCG80002720-23061027,HUAWEI nova 13 Pro,Ultra Diyafram Kamerası,4930.18,,https://consumer.huawei.com/tr/support/sparepart-price/
2026-10-09,huawei,Telefon/Nova Serisi,SPCG80002720-23060856-004,HUAWEI nova 13 Pro,Ön Kamera (Birincil),2139.12,,https://consumer.huawei.com/tr/support/sparepart-price/
2026-10-09,huawei,Telefon/Nova Serisi,SPCG80002720-02356PJL,HUAWEI nova 13 Pro,Pil,2080.57,,https://consumer.huawei.com/tr/support/sparepart-price/
2026-10-09,huawei,Telefon/Nova Serisi,SPCG80002720-02356TSQ,HUAWEI nova 13 Pro,Kapak,2927.71,,https://consumer.huawei.com/tr/support/sparepart-price/
2026-10-09,huawei,Telefon/Nova Serisi,SPCG80002720-03035YBT,HUAWEI nova 13 Pro,Anakart,20304.53,,https://consumer.huawei.com/tr/support/sparepart-price/
2026-10-09,huawei,Telefon/Nova Serisi,SPCG80002720-02356PKC,HUAWEI nova 13 Pro,Ekran,10280.38,,https://consumer.huawei.com/tr/support/sparepart-price/
2026-10-09,huawei,Telefon/Nova Serisi,SPCG80002724-02356NUP,HUAWEI nova 13,Pil,2080.57,,https://consumer.huawei.com/tr/support/sparepart-price/
2026-10-09,huawei,Telefon/Nova Serisi,SPCG80002724-02356SGT,HUAWEI nova 13,Kapak,2484.34,,https://consumer.huawei.com/tr/support/sparepart-price/
2026-10-09,huawei,Telefon/Nova Serisi,SPCG80002724-03035YLC,HUAWEI nova 13,Anakart,15292.45,,https://consumer.huawei.com/tr/support/sparepart-price/
2026-10-09,huawei,Telefon/Nova Serisi,SPCG80002724-02356SGQ,HUAWEI nova 13,Ekran,7774.34,,https://consumer.huawei.com/tr/support/sparepart-price/
2026-10-09,huawei,Telefon/Nova Serisi,SPCG80002724-02356SMX,HUAWEI nova 13,Kamera,1815.51,,https://consumer.huawei.com/tr/support/sparepart-price/
2026-10-09,huawei,Telefon/Nova Serisi,SPCG80001994-02356BMK,HUAWEI nova 12s,Pil,2288.69,,https://consumer.huawei.com/tr/support/sparepart-price/
2026-10-09,huawei,Telefon/Nova Serisi,SPCG80001994-02356BMP,HUAWEI nova 12s,Kamera Bileşeni,1807.86,,https://consumer.huawei.com/tr/support/sparepart-price/
2026-10-09,huawei,Telefon/Nova Serisi,SPCG80001994-02356EJY,HUAWEI nova 12s,Kapak,2066.8,,https://consumer.huawei.com/tr/support/sparepart-price/
2026-10-09,huawei,Telefon/Nova Serisi,SPCG80001994-03035LBS,HUAWEI nova 12s,Anakart,9495.62,,https://consumer.huawei.com/tr/support/sparepart-price/
2026-10-09,huawei,Telefon/Nova Serisi,SPCG80001994-02356BMX,HUAWEI nova 12s,Ekran,4749.81,,https://consumer.huawei.com/tr/support/sparepart-price/
2026-10-09,huawei,Telefon/Nova Serisi,SPCG80001890-02355XHR,HUAWEI nova 12 SE,Pil,2197.66,,https://consumer.huawei.com/tr/support/sparepart-price/
2026-10-09,huawei,Telefon/Nova Serisi,SPCG80001890-02355XJC,HUAWEI nova 12 SE,Kamera Bileşeni,2503.28,,https://consumer.huawei.com/tr/support/sparepart-price/
2026-10-09,huawei,Telefon/Nova Serisi,SPCG80001890-02356DQA,HUAWEI nova 12 SE,Kapak,2055.29,,https://consumer.huawei.com/tr/support/sparepart-price/
2026-10-09,huawei,Telefon/Nova Serisi,SPCG80001890-03035KQB,HUAWEI nova 12 SE,Anakart,6428.23,,https://consumer.huawei.com/tr/support/sparepart-price/
2026-10-09,huawei,Telefon/Nova Serisi,SPCG80001890-02355XHY,HUAWEI nova 12 SE,Ekran,5089.45,,https://consumer.huawei.com/tr/support/sparepart-price/
2026-10-09,huawei,Telefon/Nova Serisi,SPCG80001963-02355XBM,HUAWEI nova 12i,Pil,1988.69,,https://consumer.huawei.com/tr/support/sparepart-price/
2026-10-09,huawei,Telefon/Nova Serisi,SPCG80001963-97071MLR,HUAWEI nova 12i,Kamera Bileşeni,1266.8,,https://consumer.huawei.com/tr/support/sparepart-price/
2026-10-09,huawei,Telefon/Nova Serisi,SPCG80001963-97071NBF,HUAWEI nova 12i,Kapak,1372.66,,https://consumer.huawei.com/tr/support/sparepart-price/
2026-10-09,huawei,Telefon/Nova Serisi,SPCG80001963-02355XBW,HUAWEI nova 12i,Ekran,5243.0,,https://consumer.huawei.com/tr/support/sparepart-price/
2026-10-09,huawei,Telefon/Nova Serisi,SPCG80001963-03035KNW,HUAWEI nova 12i,Anakart,7794.0,,https://consumer.huawei.com/tr/support/sparepart-price/
2026-10-09,huawei,Telefon/Nova Serisi,SPCG80000945-02355NUL,HUAWEI nova 11 Pro,Pil,2709.9,,https://consumer.huawei.com/tr/support/sparepart-price/
2026-10-09,huawei,Telefon/Nova Serisi,SPCG80000945-02355RBV,HUAWEI nova 11 Pro,Kapak,2189.21,,https://consumer.huawei.com/tr/support/sparepart-price/
2026-10-09,huawei,Telefon/Nova Serisi,SPCG80000945-03035AWF,HUAWEI nova 11 Pro,Anakart,6669.91,,https://consumer.huawei.com/tr/support/sparepart-price/
2026-10-09,huawei,Telefon/Nova Serisi,SPCG80000945-02355NUW,HUAWEI nova 11 Pro,Ekran,9378.29,,https://consumer.huawei.com/tr/support/sparepart-price/
2026-10-09,huawei,Telefon/Nova Serisi,SPCG80000946-02355NYF,HUAWEI nova 11,Pil,2198.52,,https://consumer.huawei.com/tr/support/sparepart-price/
2026-10-09,huawei,Telefon/Nova Serisi,SPCG80000946-02355RBL,HUAWEI nova 11,Kapak,2154.77,,https://consumer.huawei.com/tr/support/sparepart-price/
2026-10-09,huawei,Telefon/Nova Serisi,SPCG80000946-03035AYH,HUAWEI nova 11,Anakart,8025.86,,https://consumer.huawei.com/tr/support/sparepart-price/
2026-10-09,huawei,Telefon/Nova Serisi,SPCG80000946-02355NXQ,HUAWEI nova 11,Ekran,4628.0,,https://consumer.huawei.com/tr/support/sparepart-price/
2026-10-09,huawei,Telefon/Nova Serisi,SPCG80000993-24024043,HUAWEI nova Y91,Pil,2198.52,,https://consumer.huawei.com/tr/support/sparepart-price/
2026-10-09,huawei,Telefon/Nova Serisi,SPCG80000993-97071LJA,HUAWEI nova Y91,Kapak,2217.27,,https://consumer.huawei.com/tr/support/sparepart-price/
2026-10-09,huawei,Telefon/Nova Serisi,SPCG80000993-03035AYD,HUAWEI nova Y91,Anakart,4769.19,,https://consumer.huawei.com/tr/support/sparepart-price/
2026-10-09,huawei,Telefon/Nova Serisi,SPCG80000993-02355QTP,HUAWEI nova Y91,Ekran,2888.11,,https://consumer.huawei.com/tr/support/sparepart-price/
2026-10-09,huawei,Telefon/Nova Serisi,SPCG80000975-02355PFU,HUAWEI nova 11i,Pil,2113.29,,https://consumer.huawei.com/tr/support/sparepart-price/
2026-10-09,huawei,Telefon/Nova Serisi,SPCG80000975-97071LCW,HUAWEI nova 11i,Kapak,1611.44,,https://consumer.huawei.com/tr/support/sparepart-price/
2026-10-09,huawei,Telefon/Nova Serisi,SPCG80000975-03035AGV,HUAWEI nova 11i,Anakart,5428.48,,https://consumer.huawei.com/tr/support/sparepart-price/
2026-10-09,huawei,Telefon/Nova Serisi,SPCG80000975-02355PFM,HUAWEI nova 11i,Ekran,2886.39,,https://consumer.huawei.com/tr/support/sparepart-price/
2026-10-09,huawei,Telefon/Nova Serisi,SPCG00018744-02355FAT,HUAWEI nova 10 SE,Pil,2276.86,,https://consumer.huawei.com/tr/support/sparepart-price/
2026-10-09,huawei,Telefon/Nova Serisi,SPCG00018744-02355FBH,HUAWEI nova 10 SE,Kapak,1483.9,,https://consumer.huawei.com/tr/support/sparepart-price/
2026-10-09,huawei,Telefon/Nova Serisi,SPCG00018744-03034UGB,HUAWEI nova 10 SE,Anakart,6740.17,,https://consumer.huawei.com/tr/support/sparepart-price/
2026-10-09,huawei,Telefon/Nova Serisi,SPCG00018744-02355FAL,HUAWEI nova 10 SE,Ekran,2436.13,,https://consumer.huawei.com/tr/support/sparepart-price/
2026-10-09,huawei,Telefon/Nova Serisi,SPCG00018346-02355EUG,HUAWEI nova 10 Pro,Pil,2085.74,,https://consumer.huawei.com/tr/support/sparepart-price/
2026-10-09,huawei,Telefon/Nova Serisi,SPCG00018346-02354YNB,HUAWEI nova 10 Pro,Kapak,2142.02,,https://consumer.huawei.com/tr/support/sparepart-price/
2026-10-09,huawei,Telefon/Nova Serisi,SPCG00018346-03034SQP,HUAWEI nova 10 Pro,Anakart,18040.17,,https://consumer.huawei.com/tr/support/sparepart-price/
2026-10-09,huawei,Telefon/Nova Serisi,SPCG00018346-02355CAL,HUAWEI nova 10 Pro,Ekran,11751.54,,https://consumer.huawei.com/tr/support/sparepart-price/
2026-10-09,huawei,Telefon/Nova Serisi,SPCG00018347-02355AJD,HUAWEI nova 10,Pil,2176.45,,https://consumer.huawei.com/tr/support/sparepart-price/
2026-10-09,huawei,Telefon/Nova Serisi,SPCG00018347-02355AKF,HUAWEI nova 10,Kapak,1800.21,,https://consumer.huawei.com/tr/support/sparepart-price/
2026-10-09,huawei,Telefon/Nova Serisi,SPCG00018347-03034TRN,HUAWEI nova 10,Anakart,12225.07,,https://consumer.huawei.com/tr/support/sparepart-price/
2026-10-09,huawei,Telefon/Nova Serisi,SPCG00018347-02355CTA,HUAWEI nova 10,Ekran,4461.85,,https://consumer.huawei.com/tr/support/sparepart-price/
2026-10-09,huawei,Telefon/Nova Serisi,SPCG00018444-02355AVL,HUAWEI nova Y90,Pil,2269.56,,https://consumer.huawei.com/tr/support/sparepart-price/
2026-10-09,huawei,Telefon/Nova Serisi,SPCG00018444-97071HPS,HUAWEI nova Y90,Kapak,1751.74,,https://consumer.huawei.com/tr/support/sparepart-price/
2026-10-09,huawei,Telefon/Nova Serisi,SPCG00018444-03034SFJ,HUAWEI nova Y90,Anakart,8187.44,,https://consumer.huawei.com/tr/support/sparepart-price/
2026-10-09,huawei,Telefon/Nova Serisi,SPCG00018444-02355ARF,HUAWEI nova Y90,Ekran,2077.99,,https://consumer.huawei.com/tr/support/sparepart-price/
2026-10-09,huawei,Telefon/Nova Serisi,SPCG00018126-24023690,HUAWEI nova Y70,Pil,1830.82,,https://consumer.huawei.com/tr/support/sparepart-price/
2026-10-09,huawei,Telefon/Nova Serisi,SPCG00018126-97071GUV,HUAWEI nova Y70,Kapak,1500.48,,https://consumer.huawei.com/tr/support/sparepart-price/
2026-10-09,huawei,Telefon/Nova Serisi,SPCG00018126-03034PYM,HUAWEI nova Y70,Anakart,3414.12,,https://consumer.huawei.com/tr/support/sparepart-price/
2026-10-09,huawei,Telefon/Nova Serisi,SPCG00018126-02354WHN,HUAWEI nova Y70,Ekran,1457.12,,https://consumer.huawei.com/tr/support/sparepart-price/
2026-10-09,huawei,Telefon/Nova Serisi,SPCG00017604-02354UVQ,HUAWEI nova 9 SE,Pil,1538.74,,https://consumer.huawei.com/tr/support/sparepart-price/
2026-10-09,huawei,Telefon/Nova Serisi,SPCG00017604-02354UVV,HUAWEI nova 9 SE,Kapak,2102.96,,https://consumer.huawei.com/tr/support/sparepart-price/
2026-10-09,huawei,Telefon/Nova Serisi,SPCG00017604-03034PFB,HUAWEI nova 9 SE,Anakart,4968.06,,https://consumer.huawei.com/tr/support/sparepart-price/
2026-10-09,huawei,Telefon/Nova Serisi,SPCG00017604-02354UVY,HUAWEI nova 9 SE,Ekran,5292.19,,https://consumer.huawei.com/tr/support/sparepart-price/
2026-10-09,huawei,Telefon/Nova Serisi,SPCG00015006-24023533,HUAWEI nova 8i,Pil,1694.35,,https://consumer.huawei.com/tr/support/sparepart-price/
2026-10-09,huawei,Telefon/Nova Serisi,SPCG00015006-02354HBA,HUAWEI nova 8i,Kapak,1551.5,,https://consumer.huawei.com/tr/support/sparepart-price/
2026-10-09,huawei,Telefon/Nova Serisi,SPCG00015006-02354GMX,HUAWEI nova 8i,Ekran,3392.6,,https://consumer.huawei.com/tr/support/sparepart-price/
2026-10-09,huawei,Telefon/Nova Serisi,SPCG00015006-03034JPV,HUAWEI nova 8i,Anakart,3559.62,,https://consumer.huawei.com/tr/support/sparepart-price/
2026-10-09,huawei,Telefon/Nova Serisi,SPCG00017144-02354PRW,HUAWEI nova 9,Kapak,2046.36,,https://consumer.huawei.com/tr/support/sparepart-price/
2026-10-09,huawei,Telefon/Nova Serisi,SPCG00017144-02354NUJ,HUAWEI nova 9,Ekran,5320.99,,https://consumer.huawei.com/tr/support/sparepart-price/
2026-10-09,huawei,Telefon/Nova Serisi,SPCG00017144-03034KBP,HUAWEI nova 9,Anakart,4323.24,,https://consumer.huawei.com/tr/support/sparepart-price/
2026-10-09,huawei,Telefon/Nova Serisi,SPCG00009724-24022732,HUAWEI nova 5T,Pil,1511.96,,https://consumer.huawei.com/tr/support/sparepart-price/
2026-10-09,huawei,Telefon/Nova Serisi,SPCG00009724-02353EFP,HUAWEI nova 5T,Kapak,1596.14,,https://consumer.huawei.com/tr/support/sparepart-price/
2026-10-09,huawei,Telefon/Nova Serisi,SPCG00009724-03033HUF,HUAWEI nova 5T,Anakart,12662.06,,https://consumer.huawei.com/tr/support/sparepart-price/
2026-10-09,huawei,Telefon/Nova Serisi,SPCG00009724-02352TNQ,HUAWEI nova 5T,Ekran,5762.9,,https://consumer.huawei.com/tr/support/sparepart-price/
2026-10-09,huawei,Bilgisayar/HUAWEI Matebook X,SPCG00000461-24022945,HUAWEI MateBook X,Pil,4149.34,,https://consumer.huawei.com/tr/support/sparepart-price/
2026-10-09,huawei,Bilgisayar/HUAWEI Matebook X,SPCG00000461-02353XBL,HUAWEI MateBook X,Tuş Takımı,2131.37,,https://consumer.huawei.com/tr/support/sparepart-price/
2026-10-09,huawei,Bilgisayar/HUAWEI Matebook X,SPCG00000461-06210814,HUAWEI MateBook X,SSD,11403.07,,https://consumer.huawei.com/tr/support/sparepart-price/
2026-10-09,huawei,Bilgisayar/HUAWEI Matebook X,SPCG00000461-51661NDW,HUAWEI MateBook X,Arka Kapak,2228.75,,https://consumer.huawei.com/tr/support/sparepart-price/
2026-10-09,huawei,Bilgisayar/HUAWEI Matebook X,SPCG00000461-02353VDU,HUAWEI MateBook X,Ekran,5949.79,,https://consumer.huawei.com/tr/support/sparepart-price/
2026-10-09,huawei,Bilgisayar/HUAWEI Matebook X,SPCG00000461-03033UNF,HUAWEI MateBook X,Anakart,13535.35,,https://consumer.huawei.com/tr/support/sparepart-price/
2026-10-09,huawei,Bilgisayar/HUAWEI Matebook X,SPCG00007401-24024075,HUAWEI Matebook X Pro,Pil,3593.19,,https://consumer.huawei.com/tr/support/sparepart-price/
2026-10-09,huawei,Bilgisayar/HUAWEI Matebook X,SPCG00007401-02356FLR,HUAWEI Matebook X Pro,Arka Kapak,8562.61,,https://consumer.huawei.com/tr/support/sparepart-price/
2026-10-09,huawei,Bilgisayar/HUAWEI Matebook X,SPCG00007401-23021492,HUAWEI Matebook X Pro,Ekran,24724.35,,https://consumer.huawei.com/tr/support/sparepart-price/
2026-10-09,huawei,Bilgisayar/HUAWEI Matebook X,SPCG00007401-02355WGY,HUAWEI Matebook X Pro,Ön Kapak,6603.17,,https://consumer.huawei.com/tr/support/sparepart-price/
2026-10-09,huawei,Bilgisayar/HUAWEI Matebook X,SPCG00007401-03035LVP,HUAWEI Matebook X Pro,Anakart,52443.93,,https://consumer.huawei.com/tr/support/sparepart-price/
2026-10-09,huawei,Bilgisayar/HUAWEI Matebook D,SPCG00014804-24023450,HUAWEI MateBook D 16,Pil,4999.92,,https://consumer.huawei.com/tr/support/sparepart-price/
2026-10-09,huawei,Bilgisayar/HUAWEI Matebook D,SPCG00014804-02355BJU,HUAWEI MateBook D 16,Tuş Takımı,10928.14,,https://consumer.huawei.com/tr/support/sparepart-price/
2026-10-09,huawei,Bilgisayar/HUAWEI Matebook D,SPCG00014804-06211096-002,HUAWEI MateBook D 16,SSD,12605.15,,https://consumer.huawei.com/tr/support/sparepart-price/
2026-10-09,huawei,Bilgisayar/HUAWEI Matebook D,SPCG00014804-51670470,HUAWEI MateBook D 16,Arka Kapak,3264.32,,https://consumer.huawei.com/tr/support/sparepart-price/
2026-10-09,huawei,Bilgisayar/HUAWEI Matebook D,SPCG00014804-23040718,HUAWEI MateBook D 16,Ekran,7390.04,,https://consumer.huawei.com/tr/support/sparepart-price/
2026-10-09,huawei,Bilgisayar/HUAWEI Matebook D,SPCG00014804-51670454,HUAWEI MateBook D 16,Ön Kapak,3997.82,,https://consumer.huawei.com/tr/support/sparepart-price/
2026-10-09,huawei,Bilgisayar/HUAWEI Matebook D,SPCG00014804-03035AUM,HUAWEI MateBook D 16,Anakart,71011.24,,https://consumer.huawei.com/tr/support/sparepart-price/
2026-10-09,huawei,Bilgisayar/HUAWEI Matebook D,SPCG00010844-24023292,HUAWEI MateBook D 14,Pil,2711.62,,https://consumer.huawei.com/tr/support/sparepart-price/
2026-10-09,huawei,Bilgisayar/HUAWEI Matebook D,SPCG00010844-02353NFC,HUAWEI MateBook D 14,Tuş Takımı,2122.89,,https://consumer.huawei.com/tr/support/sparepart-price/
2026-10-09,huawei,Bilgisayar/HUAWEI Matebook D,SPCG00010844-06210852,HUAWEI MateBook D 14,SSD,5408.11,,https://consumer.huawei.com/tr/support/sparepart-price/
2026-10-09,huawei,Bilgisayar/HUAWEI Matebook D,SPCG00010844-51661NTY,HUAWEI MateBook D 14,Arka Kapak,1772.15,,https://consumer.huawei.com/tr/support/sparepart-price/
2026-10-09,huawei,Bilgisayar/HUAWEI Matebook D,SPCG00010844-23040590,HUAWEI MateBook D 14,Ekran,1923.92,,https://consumer.huawei.com/tr/support/sparepart-price/
2026-10-09,huawei,Bilgisayar/HUAWEI Matebook D,SPCG00010844-03033QFX,HUAWEI MateBook D 14,Anakart,23114.08,,https://consumer.huawei.com/tr/support/sparepart-price/
2026-10-09,huawei,Bilgisayar/HUAWEI Matebook D,SPCG00010824-24022943,HUAWEI MateBook D 15,Pil,2857.11,,https://consumer.huawei.com/tr/support/sparepart-price/
2026-10-09,huawei,Bilgisayar/HUAWEI Matebook D,SPCG00010824-02353LUS,HUAWEI MateBook D 15,Tuş Takımı,3047.38,,https://consumer.huawei.com/tr/support/sparepart-price/
2026-10-09,huawei,Bilgisayar/HUAWEI Matebook D,SPCG00010824-06210852,HUAWEI MateBook D 15,SSD,5408.11,,https://consumer.huawei.com/tr/support/sparepart-price/
2026-10-09,huawei,Bilgisayar/HUAWEI Matebook D,SPCG00010824-51661NKE,HUAWEI MateBook D 15,Arka Kapak,1422.68,,https://consumer.huawei.com/tr/support/sparepart-price/
2026-10-09,huawei,Bilgisayar/HUAWEI Matebook D,SPCG00010824-23040586,HUAWEI MateBook D 15,Ekran,4587.52,,https://consumer.huawei.com/tr/support/sparepart-price/
2026-10-09,huawei,Bilgisayar/HUAWEI Matebook D,SPCG00010824-03033PDQ,HUAWEI MateBook D 15,Anakart,21283.2,,https://consumer.huawei.com/tr/support/sparepart-price/
2026-10-09,huawei,Bilgisayar/HUAWEI Matebook E,SPCG00000460-55060617,HUAWEI MateBook E,Tuş Takımı,5693.35,,https://consumer.huawei.com/tr/support/sparepart-price/
2026-10-09,huawei,Bilgisayar/HUAWEI Matebook E,SPCG00000460-02354TSG,HUAWEI MateBook E,Arka Kapak,1995.34,,https://consumer.huawei.com/tr/support/sparepart-price/
2026-10-09,huawei,Bilgisayar/HUAWEI Matebook E,SPCG00000460-03034LMP,HUAWEI MateBook E,Anakart,20119.76,,https://consumer.huawei.com/tr/support/sparepart-price/
2026-10-09,huawei,Bilgisayar/HUAWEI Matebook E,SPCG00000460-02354QNM,HUAWEI MateBook E,Ön Kapak,17859.62,,https://consumer.huawei.com/tr/support/sparepart-price/
2026-10-09,huawei,Bilgisayar/HUAWEI MateBook,SPCG00018324-24023301,HUAWEI MateBook 16s,Pil,3366.77,,https://consumer.huawei.com/tr/support/sparepart-price/
2026-10-09,huawei,Bilgisayar/HUAWEI MateBook,SPCG00018324-02355BFP,HUAWEI MateBook 16s,Tuş Takımı,7503.15,,https://consumer.huawei.com/tr/support/sparepart-price/
2026-10-09,huawei,Bilgisayar/HUAWEI MateBook,SPCG00018324-06211096-002,HUAWEI MateBook 16s,SSD,12605.15,,https://consumer.huawei.com/tr/support/sparepart-price/
2026-10-09,huawei,Bilgisayar/HUAWEI MateBook,SPCG00018324-51670400,HUAWEI MateBook 16s,Arka Kapak,3162.74,,https://consumer.huawei.com/tr/support/sparepart-price/
2026-10-09,huawei,Bilgisayar/HUAWEI MateBook,SPCG00018324-23021530,HUAWEI MateBook 16s,Ekran,12296.03,,https://consumer.huawei.com/tr/support/sparepart-price/
2026-10-09,huawei,Bilgisayar/HUAWEI MateBook,SPCG00018324-51670384,HUAWEI MateBook 16s,Ön Kapak,3501.07,,https://consumer.huawei.com/tr/support/sparepart-price/
2026-10-09,huawei,Bilgisayar/HUAWEI MateBook,SPCG00018324-03035BAY,HUAWEI MateBook 16s,Anakart,41547.9,,https://consumer.huawei.com/tr/support/sparepart-price/
2026-10-09,huawei,Bilgisayar/HUAWEI MateBook,SPCG00014824-24023301,HUAWEI MateBook 16,Pil,3366.77,,https://consumer.huawei.com/tr/support/sparepart-price/
2026-10-09,huawei,Bilgisayar/HUAWEI MateBook,SPCG00014824-02354VQB,HUAWEI MateBook 16,Tuş Takımı,4673.63,,https://consumer.huawei.com/tr/support/sparepart-price/
2026-10-09,huawei,Bilgisayar/HUAWEI MateBook,SPCG00014824-06210915-001,HUAWEI MateBook 16,SSD,9345.27,,https://consumer.huawei.com/tr/support/sparepart-price/
2026-10-09,huawei,Bilgisayar/HUAWEI MateBook,SPCG00014824-03034LEG,HUAWEI MateBook 16,Anakart,67611.54,,https://consumer.huawei.com/tr/support/sparepart-price/
2026-10-09,huawei,Bilgisayar/HUAWEI MateBook,SPCG00014824-02354LLQ,HUAWEI MateBook 16,Ön Kapak,2361.23,,https://consumer.huawei.com/tr/support/sparepart-price/
2026-10-09,huawei,Bilgisayar/HUAWEI MateBook,SPCG00016824-24023450,HUAWEI MateBook 14s,Pil,4999.92,,https://consumer.huawei.com/tr/support/sparepart-price/
2026-10-09,huawei,Bilgisayar/HUAWEI MateBook,SPCG00016824-02355XQE,HUAWEI MateBook 14s,Tuş Takımı,7283.95,,https://consumer.huawei.com/tr/support/sparepart-price/
2026-10-09,huawei,Bilgisayar/HUAWEI MateBook,SPCG00016824-06211096-004,HUAWEI MateBook 14s,SSD,18042.28,,https://consumer.huawei.com/tr/support/sparepart-price/
2026-10-09,huawei,Bilgisayar/HUAWEI MateBook,SPCG00016824-23021542,HUAWEI MateBook 14s,Ekran,22577.32,,https://consumer.huawei.com/tr/support/sparepart-price/
2026-10-09,huawei,Bilgisayar/HUAWEI MateBook,SPCG00016824-51670042,HUAWEI MateBook 14s,Ön Kapak,2351.76,,https://consumer.huawei.com/tr/support/sparepart-price/
2026-10-09,huawei,Bilgisayar/HUAWEI MateBook,SPCG00016824-03035GFD,HUAWEI MateBook 14s,Anakart,31514.61,,https://consumer.huawei.com/tr/support/sparepart-price/
2026-10-09,huawei,Bilgisayar/HUAWEI MateBook,SPCG00016824-51670082,HUAWEI MateBook 14s,Arka Kapak,1685.42,,https://consumer.huawei.com/tr/support/sparepart-price/
2026-10-09,huawei,Bilgisayar/HUAWEI MateBook,SPCG00008633-24023081,HUAWEI MateBook 14,Pil,2607.45,,https://consumer.huawei.com/tr/support/sparepart-price/
2026-10-09,huawei,Bilgisayar/HUAWEI MateBook,SPCG00008633-02353XRV,HUAWEI MateBook 14,Tuş Takımı,4386.09,,https://consumer.huawei.com/tr/support/sparepart-price/
2026-10-09,huawei,Bilgisayar/HUAWEI MateBook,SPCG00008633-06210853-001,HUAWEI MateBook 14,SSD,11403.07,,https://consumer.huawei.com/tr/support/sparepart-price/
2026-10-09,huawei,Bilgisayar/HUAWEI MateBook,SPCG00008633-97060JHB,HUAWEI MateBook 14,Arka Kapak,4412.78,,https://consumer.huawei.com/tr/support/sparepart-price/
2026-10-09,huawei,Bilgisayar/HUAWEI MateBook,SPCG00008633-02353WKU,HUAWEI MateBook 14,Ekran,4782.83,,https://consumer.huawei.com/tr/support/sparepart-price/
2026-10-09,huawei,Bilgisayar/HUAWEI MateBook,SPCG00008633-03033WAY,HUAWEI MateBook 14,Anakart,7083.72,,https://consumer.huawei.com/tr/support/sparepart-price/
2026-10-09,huawei,Tablet/T Serisi,SPCG00018563-24022744,HUAWEI MatePad SE,Pil,1895.86,,https://consumer.huawei.com/tr/support/sparepart-price/
2026-10-09,huawei,Tablet/T Serisi,SPCG00018563-02355HSN,HUAWEI MatePad SE,Kapak,4072.72,,https://consumer.huawei.com/tr/support/sparepart-price/
2026-10-09,huawei,Tablet/T Serisi,SPCG00018563-03034VFR,HUAWEI MatePad SE,Anakart,2762.41,,https://consumer.huawei.com/tr/support/sparepart-price/
2026-10-09,huawei,Tablet/T Serisi,SPCG00018563-02355HRP,HUAWEI MatePad SE,Ekran,3607.83,,https://consumer.huawei.com/tr/support/sparepart-price/
2026-10-09,huawei,Tablet/T Serisi,SPCG00012124-24022744,HUAWEI MatePad T,Pil,1895.86,,https://consumer.huawei.com/tr/support/sparepart-price/
2026-10-09,huawei,Tablet/T Serisi,SPCG00012124-02353WQP,HUAWEI MatePad T,Kapak,1434.16,,https://consumer.huawei.com/tr/support/sparepart-price/
2026-10-09,huawei,Tablet/T Serisi,SPCG00012124-03033VRH,HUAWEI MatePad T,Anakart,2785.66,,https://consumer.huawei.com/tr/support/sparepart-price/
2026-10-09,huawei,Tablet/T Serisi,SPCG00012124-02353UJN,HUAWEI MatePad T,Ekran,2362.95,,https://consumer.huawei.com/tr/support/sparepart-price/
2026-10-09,huawei,Tablet/M Serisi,SPCG80004794-02357TLA,HUAWEI MatePad Pro Max,Pil,4110.6,,https://consumer.huawei.com/tr/support/sparepart-price/
2026-10-09,huawei,Tablet/M Serisi,SPCG80004794-02357TLP,HUAWEI MatePad Pro Max,Kapak,8597.74,,https://consumer.huawei.com/tr/support/sparepart-price/
2026-10-09,huawei,Tablet/M Serisi,SPCG80004794-02357SMX,HUAWEI MatePad Pro Max,Ekran,22831.65,,https://consumer.huawei.com/tr/support/sparepart-price/
2026-10-09,huawei,Tablet/M Serisi,SPCG80004794-03036XKJ,HUAWEI MatePad Pro Max,Anakart,31516.01,,https://consumer.huawei.com/tr/support/sparepart-price/
2026-10-09,huawei,Tablet/M Serisi,SPCG80004794-55061602,HUAWEI MatePad Pro Max,Klavye,8597.74,,https://consumer.huawei.com/tr/support/sparepart-price/
2026-10-09,huawei,Tablet/M Serisi,SPCG80003158-02356HLR,HUAWEI MatePad 11.5 S 2026,Pil,2277.32,,https://consumer.huawei.com/tr/support/sparepart-price/
2026-10-09,huawei,Tablet/M Serisi,SPCG80003158-02357KLM,HUAWEI MatePad 11.5 S 2026,Kapak,3383.59,,https://consumer.huawei.com/tr/support/sparepart-price/
2026-10-09,huawei,Tablet/M Serisi,SPCG80003158-03036MWJ,HUAWEI MatePad 11.5 S 2026,Anakart,16434.81,,https://consumer.huawei.com/tr/support/sparepart-price/
2026-10-09,huawei,Tablet/M Serisi,SPCG80003158-97060XQL,HUAWEI MatePad 11.5 S 2026,Ekran,8943.4,,https://consumer.huawei.com/tr/support/sparepart-price/
2026-10-09,huawei,Tablet/M Serisi,SPCG80002500-02357DTJ,HUAWEI MatePad 11.5,Pil,2412.02,,https://consumer.huawei.com/tr/support/sparepart-price/
2026-10-09,huawei,Tablet/M Serisi,SPCG80002500-02357ESM,HUAWEI MatePad 11.5,Kapak,3567.36,,https://consumer.huawei.com/tr/support/sparepart-price/
2026-10-09,huawei,Tablet/M Serisi,SPCG80002500-03036GUN,HUAWEI MatePad 11.5,Anakart,9046.68,,https://consumer.huawei.com/tr/support/sparepart-price/
2026-10-09,huawei,Tablet/M Serisi,SPCG80002500-02357DTD,HUAWEI MatePad 11.5,Ekran,5066.66,,https://consumer.huawei.com/tr/support/sparepart-price/
2026-10-09,huawei,Tablet/M Serisi,SPCG80002341-02357FGV,HUAWEI MatePad 12 X,Pil,4888.0,,https://consumer.huawei.com/tr/support/sparepart-price/
2026-10-09,huawei,Tablet/M Serisi,SPCG80002341-03036HYL,HUAWEI MatePad 12 X,Anakart,15192.69,,https://consumer.huawei.com/tr/support/sparepart-price/
2026-10-09,huawei,Tablet/M Serisi,SPCG80002341-55061281,HUAWEI MatePad 12 X,Klavye,5538.08,,https://consumer.huawei.com/tr/support/sparepart-price/
2026-10-09,huawei,Tablet/M Serisi,SPCG80002341-02357FAP,HUAWEI MatePad 12 X,Ekran,8036.39,,https://consumer.huawei.com/tr/support/sparepart-price/
2026-10-09,huawei,Tablet/M Serisi,SPCG80002049-02356HLR,"HUAWEI MatePad 11.5""S",Pil,2577.32,,https://consumer.huawei.com/tr/support/sparepart-price/
2026-10-09,huawei,Tablet/M Serisi,SPCG80002049-02356JHU,"HUAWEI MatePad 11.5""S",Kapak,3104.2,,https://consumer.huawei.com/tr/support/sparepart-price/
2026-10-09,huawei,Tablet/M Serisi,SPCG80002049-03035PVP,"HUAWEI MatePad 11.5""S",Anakart,17555.41,,https://consumer.huawei.com/tr/support/sparepart-price/
2026-10-09,huawei,Tablet/M Serisi,SPCG80002049-97060TCW,"HUAWEI MatePad 11.5""S",Ekran,6353.06,,https://consumer.huawei.com/tr/support/sparepart-price/
2026-10-09,huawei,Tablet/M Serisi,SPCG80002208-24023917,"HUAWEI MatePad SE 11""",Pil,2246.73,,https://consumer.huawei.com/tr/support/sparepart-price/
2026-10-09,huawei,Tablet/M Serisi,SPCG80002208-02356JAU,"HUAWEI MatePad SE 11""",Kapak,3114.53,,https://consumer.huawei.com/tr/support/sparepart-price/
2026-10-09,huawei,Tablet/M Serisi,SPCG80002208-03035NUC,"HUAWEI MatePad SE 11""",Anakart,6517.46,,https://consumer.huawei.com/tr/support/sparepart-price/
2026-10-09,huawei,Tablet/M Serisi,SPCG80002208-02356HSP,"HUAWEI MatePad SE 11""",Ekran,4324.1,,https://consumer.huawei.com/tr/support/sparepart-price/
2026-10-09,huawei,Tablet/M Serisi,SPCG80000956-02355QUH,HUAWEI MatePad Air,Pil,2880.36,,https://consumer.huawei.com/tr/support/sparepart-price/
2026-10-09,huawei,Tablet/M Serisi,SPCG80000956-02355RTT,HUAWEI MatePad Air,Kapak,6474.6,,https://consumer.huawei.com/tr/support/sparepart-price/
2026-10-09,huawei,Tablet/M Serisi,SPCG80000956-03035BET,HUAWEI MatePad Air,Anakart,23844.74,,https://consumer.huawei.com/tr/support/sparepart-price/
2026-10-09,huawei,Tablet/M Serisi,SPCG80000956-02355QTW,HUAWEI MatePad Air,Ekran,4937.93,,https://consumer.huawei.com/tr/support/sparepart-price/
2026-10-09,huawei,Tablet/M Serisi,SPCG00017504-24023664,HUAWEI MatePad Paper,Pil,2314.2,,https://consumer.huawei.com/tr/support/sparepart-price/
2026-10-09,huawei,Tablet/M Serisi,SPCG00017504-97060NXL,HUAWEI MatePad Paper,Kapak,1716.03,,https://consumer.huawei.com/tr/support/sparepart-price/
2026-10-09,huawei,Tablet/M Serisi,SPCG00017504-03034PVB,HUAWEI MatePad Paper,Anakart,2283.75,,https://consumer.huawei.com/tr/support/sparepart-price/
2026-10-09,huawei,Tablet/M Serisi,SPCG00017504-02354UPE,HUAWEI MatePad Paper,Ekran,6925.64,,https://consumer.huawei.com/tr/support/sparepart-price/
2026-10-09,huawei,Tablet/M Serisi,SPCG00015484-24023281,HUAWEI MatePad 11,Pil,1702.0,,https://consumer.huawei.com/tr/support/sparepart-price/
2026-10-09,huawei,Tablet/M Serisi,SPCG00015484-02354LCF,HUAWEI MatePad 11,Kapak,8055.36,,https://consumer.huawei.com/tr/support/sparepart-price/
2026-10-09,huawei,Tablet/M Serisi,SPCG00015484-02354KHM,HUAWEI MatePad 11,Ekran,7623.29,,https://consumer.huawei.com/tr/support/sparepart-price/
2026-10-09,huawei,Tablet/M Serisi,SPCG00015484-03034HET,HUAWEI MatePad 11,Anakart,29795.44,,https://consumer.huawei.com/tr/support/sparepart-price/
2026-10-09,huawei,Tablet/M Serisi,SPCG00011904-24023080,HUAWEI MatePad,Pil,1412.48,,https://consumer.huawei.com/tr/support/sparepart-price/
2026-10-09,huawei,Tablet/M Serisi,SPCG00011904-02353RFN,HUAWEI MatePad,Kapak,2072.83,,https://consumer.huawei.com/tr/support/sparepart-price/
2026-10-09,huawei,Tablet/M Serisi,SPCG00011904-03033QEN,HUAWEI MatePad,Anakart,4121.79,,https://consumer.huawei.com/tr/support/sparepart-price/
2026-10-09,huawei,Tablet/M Serisi,SPCG00011904-02353NEC,HUAWEI MatePad,Ekran,4439.98,,https://consumer.huawei.com/tr/support/sparepart-price/
2026-10-09,huawei,Tablet/M Serisi,SPCG00010727-24023020,HUAWEI MatePad Pro,Pil,1459.67,,https://consumer.huawei.com/tr/support/sparepart-price/
2026-10-09,huawei,Tablet/M Serisi,SPCG00010727-02353PNH,HUAWEI MatePad Pro,Kapak,1976.21,,https://consumer.huawei.com/tr/support/sparepart-price/
2026-10-09,huawei,Tablet/M Serisi,SPCG00010727-03033NLU,HUAWEI MatePad Pro,Anakart,4591.85,,https://consumer.huawei.com/tr/support/sparepart-price/
2026-10-09,huawei,Tablet/M Serisi,SPCG00010727-02353KJQ,HUAWEI MatePad Pro,Ekran,12173.78,,https://consumer.huawei.com/tr/support/sparepart-price/
2026-10-09,huawei,Monitor/HUAWEI B series,SPCG00014724-97060JQL,"HUAWEI Display 23.8"" ",Arka Kapak,2148.4,,https://consumer.huawei.com/tr/support/sparepart-price/
2026-10-09,huawei,Monitor/HUAWEI B series,SPCG00014724-97060KKE,"HUAWEI Display 23.8"" ",Ekran Modülü,4200.13,,https://consumer.huawei.com/tr/support/sparepart-price/
2026-10-09,huawei,Monitor/HUAWEI B series,SPCG00014724-04071773,"HUAWEI Display 23.8"" ",Adaptör,1591.04,,https://consumer.huawei.com/tr/support/sparepart-price/
2026-10-09,huawei,Monitor/HUAWEI B series,SPCG00014724-97060KKF,"HUAWEI Display 23.8"" ",Anakart,1434.16,,https://consumer.huawei.com/tr/support/sparepart-price/
2026-10-09,huawei,Monitor/HUAWEI Mateview series,SPCG00018605-97060NXX,HUAWEI MateView SE,Arka Kapak,2143.29,,https://consumer.huawei.com/tr/support/sparepart-price/
2026-10-09,huawei,Monitor/HUAWEI Mateview series,SPCG00018605-02354YMV,HUAWEI MateView SE,Ekran Modülü,2812.35,,https://consumer.huawei.com/tr/support/sparepart-price/
2026-10-09,huawei,Monitor/HUAWEI Mateview series,SPCG00018605-03034RJD,HUAWEI MateView SE,Anakart,1624.2,,https://consumer.huawei.com/tr/support/sparepart-price/
2026-10-09,huawei,Monitor/HUAWEI Mateview series,SPCG00015308-97060LBJ,HUAWEI MateView,Arka Kapak,4454.96,,https://consumer.huawei.com/tr/support/sparepart-price/
2026-10-09,huawei,Monitor/HUAWEI Mateview series,SPCG00015308-02354HRY,HUAWEI MateView,Ekran Modülü,22000.52,,https://consumer.huawei.com/tr/support/sparepart-price/
2026-10-09,huawei,Monitor/HUAWEI Mateview series,SPCG00015308-02221533,HUAWEI MateView,Adaptör,3736.96,,https://consumer.huawei.com/tr/support/sparepart-price/
2026-10-09,huawei,Monitor/HUAWEI Mateview series,SPCG00015308-03034HES,HUAWEI MateView,Anakart,17176.72,,https://consumer.huawei.com/tr/support/sparepart-price/
2026-10-09,huawei,Monitor/HUAWEI Mateview series,SPCG00015286-97060MAP,HUAWEI MateView GT,Arka Kapak,1185.45,,https://consumer.huawei.com/tr/support/sparepart-price/
2026-10-09,huawei,Monitor/HUAWEI Mateview series,SPCG00015286-02354PJS,HUAWEI MateView GT,Ekran Modülü,10646.41,,https://consumer.huawei.com/tr/support/sparepart-price/
2026-10-09,huawei,Monitor/HUAWEI Mateview series,SPCG00015286-03034KDM,HUAWEI MateView GT,Anakart,3036.18,,https://consumer.huawei.com/tr/support/sparepart-price/
2026-10-09,huawei,Desktop/HUAWEI MateStation S,SPCG00014844-24010019,HUAWEI MateStation S,Batarya,1119.13,,https://consumer.huawei.com/tr/support/sparepart-price/
2026-10-09,huawei,Desktop/HUAWEI MateStation S,SPCG00014844-06210852-001,HUAWEI MateStation S,SSD,5408.11,,https://consumer.huawei.com/tr/support/sparepart-price/
2026-10-09,huawei,Desktop/HUAWEI MateStation S,SPCG00014844-02354CWF,HUAWEI MateStation S,İşlemci Modülü,6463.36,,https://consumer.huawei.com/tr/support/sparepart-price/
2026-10-09,huawei,Desktop/HUAWEI MateStation S,SPCG00014844-06200332,HUAWEI MateStation S,RAM,4969.01,,https://consumer.huawei.com/tr/support/sparepart-price/
2026-10-09,huawei,Desktop/HUAWEI MateStation S,SPCG00014844-02221681,HUAWEI MateStation S,Adaptör,4454.96,,https://consumer.huawei.com/tr/support/sparepart-price/
2026-10-09,huawei,Desktop/HUAWEI MateStation S,SPCG00014844-51661TFR,HUAWEI MateStation S,Arka Kapak,2859.7,,https://consumer.huawei.com/tr/support/sparepart-price/
2026-10-09,huawei,Desktop/HUAWEI MateStation S,SPCG00014844-03034HBH,HUAWEI MateStation S,Anakart,3511.4,,https://consumer.huawei.com/tr/support/sparepart-price/
2026-10-09,huawei,Akıllı ev cihazları/Home AI,SPCG00017487-55028229,HUAWEI Sound Joy,Ana Ürün,10174.99,,https://consumer.huawei.com/tr/support/sparepart-price/
2026-10-09,huawei,Akıllı Cihaz/HUAWEI Akıllı Cihazlar ve Ses,SPCG80004480-02357RML,HUAWEI FreeClip 2 S,Şarj Kutusu,5880.93,,https://consumer.huawei.com/tr/support/sparepart-price/
2026-10-09,huawei,Akıllı Cihaz/HUAWEI Akıllı Cihazlar ve Ses,SPCG80004480-02357RMM,HUAWEI FreeClip 2 S,Sol Kulaklık,3498.0,,https://consumer.huawei.com/tr/support/sparepart-price/
2026-10-09,huawei,Akıllı Cihaz/HUAWEI Akıllı Cihazlar ve Ses,SPCG80004103-02357MQR,HUAWEI FreeBuds Pro 5,Şarj Kutusu,4579.09,,https://consumer.huawei.com/tr/support/sparepart-price/
2026-10-09,huawei,Akıllı Cihaz/HUAWEI Akıllı Cihazlar ve Ses,SPCG80004103-02357MQP,HUAWEI FreeBuds Pro 5,Sol Kulaklık,4650.75,,https://consumer.huawei.com/tr/support/sparepart-price/
2026-10-09,huawei,Akıllı Cihaz/HUAWEI Akıllı Cihazlar ve Ses,SPCG80004103-02357MQQ,HUAWEI FreeBuds Pro 5,Sağ Kulaklık,4650.75,,https://consumer.huawei.com/tr/support/sparepart-price/
2026-10-09,huawei,Akıllı Cihaz/HUAWEI Akıllı Cihazlar ve Ses,SPCG80003278-02357GAP,HUAWEI FreeClip 2,Şarj Kutusu,5041.37,,https://consumer.huawei.com/tr/support/sparepart-price/
2026-10-09,huawei,Akıllı Cihaz/HUAWEI Akıllı Cihazlar ve Ses,SPCG80003278-02357FYV,HUAWEI FreeClip 2,kulaklık,5041.37,,https://consumer.huawei.com/tr/support/sparepart-price/
2026-10-09,huawei,Akıllı Cihaz/HUAWEI Akıllı Cihazlar ve Ses,SPCG80003145-02357EBA,HUAWEI FreeBuds 7i,Şarj Kutusu,3484.72,,https://consumer.huawei.com/tr/support/sparepart-price/
2026-10-09,huawei,Akıllı Cihaz/HUAWEI Akıllı Cihazlar ve Ses,SPCG80003145-02357EAX,HUAWEI FreeBuds 7i,Sol Kulaklık,3320.28,,https://consumer.huawei.com/tr/support/sparepart-price/
2026-10-09,huawei,Akıllı Cihaz/HUAWEI Akıllı Cihazlar ve Ses,SPCG80003145-02357EAY,HUAWEI FreeBuds 7i,Sağ Kulaklık,3320.28,,https://consumer.huawei.com/tr/support/sparepart-price/
2026-10-09,huawei,Akıllı Cihaz/HUAWEI Akıllı Cihazlar ve Ses,SPCG80003178-02357EHK,HUAWEI FreeBuds SE 4 ANC,Şarj Kutusu,2329.38,,https://consumer.huawei.com/tr/support/sparepart-price/
2026-10-09,huawei,Akıllı Cihaz/HUAWEI Akıllı Cihazlar ve Ses,SPCG80003178-02357EHF,HUAWEI FreeBuds SE 4 ANC,Sol Kulaklık,1198.0,,https://consumer.huawei.com/tr/support/sparepart-price/
2026-10-09,huawei,Akıllı Cihaz/HUAWEI Akıllı Cihazlar ve Ses,SPCG80003178-02357EHG,HUAWEI FreeBuds SE 4 ANC,Sağ Kulaklık,1198.0,,https://consumer.huawei.com/tr/support/sparepart-price/
2026-10-09,huawei,Akıllı Cihaz/HUAWEI Akıllı Cihazlar ve Ses,SPCG80002732-02356VQC,HUAWEI FreeBuds 6,Şarj Kutusu,4062.39,,https://consumer.huawei.com/tr/support/sparepart-price/
2026-10-09,huawei,Akıllı Cihaz/HUAWEI Akıllı Cihazlar ve Ses,SPCG80002732-02356VQA,HUAWEI FreeBuds 6,Sol Kulaklık,2998.0,,https://consumer.huawei.com/tr/support/sparepart-price/
2026-10-09,huawei,Akıllı Cihaz/HUAWEI Akıllı Cihazlar ve Ses,SPCG80002732-02356VQB,HUAWEI FreeBuds 6,Sağ Kulaklık,2998.0,,https://consumer.huawei.com/tr/support/sparepart-price/
2026-10-09,huawei,Akıllı Cihaz/HUAWEI Akıllı Cihazlar ve Ses,SPCG80002723-02356VNA,HUAWEI FreeArc,Şarj Kutusu,3018.1,,https://consumer.huawei.com/tr/support/sparepart-price/
2026-10-09,huawei,Akıllı Cihaz/HUAWEI Akıllı Cihazlar ve Ses,SPCG80002723-02356VMX,HUAWEI FreeArc,Sol Kulaklık,1798.0,,https://consumer.huawei.com/tr/support/sparepart-price/
2026-10-09,huawei,Akıllı Cihaz/HUAWEI Akıllı Cihazlar ve Ses,SPCG80002723-02356VMY,HUAWEI FreeArc,Sağ Kulaklık,1798.0,,https://consumer.huawei.com/tr/support/sparepart-price/
2026-10-09,huawei,Akıllı Cihaz/HUAWEI Akıllı Cihazlar ve Ses,SPCG80002509-02356SFT,HUAWEI FreeBuds SE 3,Şarj Kutusu,2057.84,,https://consumer.huawei.com/tr/support/sparepart-price/
2026-10-09,huawei,Akıllı Cihaz/HUAWEI Akıllı Cihazlar ve Ses,SPCG80002509-02356SGC,HUAWEI FreeBuds SE 3,Sol Kulaklık,1198.0,,https://consumer.huawei.com/tr/support/sparepart-price/
2026-10-09,huawei,Akıllı Cihaz/HUAWEI Akıllı Cihazlar ve Ses,SPCG80002509-02356SGB,HUAWEI FreeBuds SE 3,Sağ Kulaklık,1198.0,,https://consumer.huawei.com/tr/support/sparepart-price/
2026-10-09,huawei,Akıllı Cihaz/HUAWEI Akıllı Cihazlar ve Ses,SPCG80002618-02356RNC,HUAWEI FreeBuds Pro 4,Şarj Kutusu,4442.79,,https://consumer.huawei.com/tr/support/sparepart-price/
2026-10-09,huawei,Akıllı Cihaz/HUAWEI Akıllı Cihazlar ve Ses,SPCG80002618-02356RNA,HUAWEI FreeBuds Pro 4,Sol Kulaklık,3498.0,,https://consumer.huawei.com/tr/support/sparepart-price/
2026-10-09,huawei,Akıllı Cihaz/HUAWEI Akıllı Cihazlar ve Ses,SPCG80002618-02356RNB,HUAWEI FreeBuds Pro 4,Sağ Kulaklık,3498.0,,https://consumer.huawei.com/tr/support/sparepart-price/
2026-10-09,huawei,Akıllı Cihaz/HUAWEI Akıllı Cihazlar ve Ses,SPCG80002081-02356GXL,HUAWEI FreeBuds 6i,Ana Ürün,3445.12,,https://consumer.huawei.com/tr/support/sparepart-price/
2026-10-09,huawei,Akıllı Cihaz/HUAWEI Akıllı Cihazlar ve Ses,SPCG80002081-02356GXB,HUAWEI FreeBuds 6i,Sol Kulaklık,1798.0,,https://consumer.huawei.com/tr/support/sparepart-price/
2026-10-09,huawei,Akıllı Cihaz/HUAWEI Akıllı Cihazlar ve Ses,SPCG80002081-02356GXF,HUAWEI FreeBuds 6i,Sağ Kulaklık,1798.0,,https://consumer.huawei.com/tr/support/sparepart-price/
2026-10-09,huawei,Akıllı Cihaz/HUAWEI Akıllı Cihazlar ve Ses,SPCG00016744-02356FJX,HUAWEI FreeBuds 4E,Ana Ürün,3214.39,,https://consumer.huawei.com/tr/support/sparepart-price/
2026-10-09,huawei,Akıllı Cihaz/HUAWEI Akıllı Cihazlar ve Ses,SPCG00016744-02356FJV,HUAWEI FreeBuds 4E,Sol Kulaklık,3768.82,,https://consumer.huawei.com/tr/support/sparepart-price/
2026-10-09,huawei,Akıllı Cihaz/HUAWEI Akıllı Cihazlar ve Ses,SPCG00016744-02356FJW,HUAWEI FreeBuds 4E,Sağ Kulaklık,3768.82,,https://consumer.huawei.com/tr/support/sparepart-price/
2026-10-09,huawei,Akıllı Cihaz/HUAWEI Akıllı Cihazlar ve Ses,SPCG80001654-02356SVE,HUAWEI FreeClip,Şarj Kutusu,4503.17,,https://consumer.huawei.com/tr/support/sparepart-price/
2026-10-09,huawei,Akıllı Cihaz/HUAWEI Akıllı Cihazlar ve Ses,SPCG80001654-02356SVD,HUAWEI FreeClip,Sol Kulaklık,3498.0,,https://consumer.huawei.com/tr/support/sparepart-price/
2026-10-09,huawei,Akıllı Cihaz/HUAWEI Akıllı Cihazlar ve Ses,SPCG80001480-02355USX,HUAWEI FreeBuds Pro 3,Şarj Kutusu,2159.87,,https://consumer.huawei.com/tr/support/sparepart-price/
2026-10-09,huawei,Akıllı Cihaz/HUAWEI Akıllı Cihazlar ve Ses,SPCG80001480-02355USV,HUAWEI FreeBuds Pro 3,Sol Kulaklık,2349.18,,https://consumer.huawei.com/tr/support/sparepart-price/
2026-10-09,huawei,Akıllı Cihaz/HUAWEI Akıllı Cihazlar ve Ses,SPCG80001480-02355USW,HUAWEI FreeBuds Pro 3,Sağ Kulaklık,2349.18,,https://consumer.huawei.com/tr/support/sparepart-price/
2026-10-09,huawei,Akıllı Cihaz/HUAWEI Akıllı Cihazlar ve Ses,SPCG80001226-02355TQG,HUAWEI FreeBuds SE 2,Şarj Kutusu,1943.05,,https://consumer.huawei.com/tr/support/sparepart-price/
2026-10-09,huawei,Akıllı Cihaz/HUAWEI Akıllı Cihazlar ve Ses,SPCG80001226-02355TQE,HUAWEI FreeBuds SE 2,Sol Kulaklık,2189.21,,https://consumer.huawei.com/tr/support/sparepart-price/
2026-10-09,huawei,Akıllı Cihaz/HUAWEI Akıllı Cihazlar ve Ses,SPCG80001226-02355TQF,HUAWEI FreeBuds SE 2,Sağ Kulaklık,2189.21,,https://consumer.huawei.com/tr/support/sparepart-price/
2026-10-09,huawei,Akıllı Cihaz/HUAWEI Akıllı Cihazlar ve Ses,SPCG00018588-02355FHE,HUAWEI FreeBuds 5,Şarj Kutusu,2126.71,,https://consumer.huawei.com/tr/support/sparepart-price/
2026-10-09,huawei,Akıllı Cihaz/HUAWEI Akıllı Cihazlar ve Ses,SPCG00018588-02355FHC,HUAWEI FreeBuds 5,Sol Kulaklık,2995.72,,https://consumer.huawei.com/tr/support/sparepart-price/
2026-10-09,huawei,Akıllı Cihaz/HUAWEI Akıllı Cihazlar ve Ses,SPCG00018588-02355FHD,HUAWEI FreeBuds 5,Sağ Kulaklık,2195.59,,https://consumer.huawei.com/tr/support/sparepart-price/
2026-10-09,huawei,Akıllı Cihaz/HUAWEI Akıllı Cihazlar ve Ses,SPCG00018550-02355HYA,HUAWEI FreeBuds 5i,Şarj Kutusu,1504.31,,https://consumer.huawei.com/tr/support/sparepart-price/
2026-10-09,huawei,Akıllı Cihaz/HUAWEI Akıllı Cihazlar ve Ses,SPCG00018550-02355HXV,HUAWEI FreeBuds 5i,Sol Kulaklık,1798.0,,https://consumer.huawei.com/tr/support/sparepart-price/
2026-10-09,huawei,Akıllı Cihaz/HUAWEI Akıllı Cihazlar ve Ses,SPCG00018550-02355HXW,HUAWEI FreeBuds 5i,Sağ Kulaklık,1798.0,,https://consumer.huawei.com/tr/support/sparepart-price/
2026-10-09,huawei,Akıllı Cihaz/HUAWEI Akıllı Cihazlar ve Ses,SPCG00018288-02354XRG,HUAWEI FreeBuds Pro 2,Şarj Kutusu,2774.47,,https://consumer.huawei.com/tr/support/sparepart-price/
2026-10-09,huawei,Akıllı Cihaz/HUAWEI Akıllı Cihazlar ve Ses,SPCG00018288-02354XLX,HUAWEI FreeBuds Pro 2,Sol Kulaklık,5443.94,,https://consumer.huawei.com/tr/support/sparepart-price/
2026-10-09,huawei,Akıllı Cihaz/HUAWEI Akıllı Cihazlar ve Ses,SPCG00018288-02354XLY,HUAWEI FreeBuds Pro 2,Sağ Kulaklık,6313.01,,https://consumer.huawei.com/tr/support/sparepart-price/
2026-10-09,huawei,Akıllı Cihaz/HUAWEI Akıllı Cihazlar ve Ses,SPCG00017886-02354PPX,HUAWEI FreeBuds SE,Şarj Kutusu,1650.98,,https://consumer.huawei.com/tr/support/sparepart-price/
2026-10-09,huawei,Akıllı Cihaz/HUAWEI Akıllı Cihazlar ve Ses,SPCG00017886-02354PLR,HUAWEI FreeBuds SE,Sol Kulaklık,1333.4,,https://consumer.huawei.com/tr/support/sparepart-price/
2026-10-09,huawei,Akıllı Cihaz/HUAWEI Akıllı Cihazlar ve Ses,SPCG00017886-02354PLT,HUAWEI FreeBuds SE,Sağ Kulaklık,1423.96,,https://consumer.huawei.com/tr/support/sparepart-price/
2026-10-09,huawei,Akıllı Cihaz/HUAWEI Akıllı Cihazlar ve Ses,SPCG00017204-02354MXT,HUAWEI FreeBuds Lipstick,Şarj Kutusu,5263.38,,https://consumer.huawei.com/tr/support/sparepart-price/
2026-10-09,huawei,Akıllı Cihaz/HUAWEI Akıllı Cihazlar ve Ses,SPCG00017204-02354NEY,HUAWEI FreeBuds Lipstick,Sol Kulaklık,4520.77,,https://consumer.huawei.com/tr/support/sparepart-price/
2026-10-09,huawei,Akıllı Cihaz/HUAWEI Akıllı Cihazlar ve Ses,SPCG00017204-02354NFA,HUAWEI FreeBuds Lipstick,Sağ Kulaklık,3552.73,,https://consumer.huawei.com/tr/support/sparepart-price/
2026-10-09,huawei,Akıllı Cihaz/HUAWEI Akıllı Cihazlar ve Ses,SPCG00013226-55033541,HUAWEI FreeLace Pro,Sol Kulaklık,4221.65,,https://consumer.huawei.com/tr/support/sparepart-price/
2026-10-09,huawei,Akıllı Cihaz/HUAWEI Akıllı Cihazlar ve Ses,SPCG00013226-55033539,HUAWEI FreeLace Pro,Sağ Kulaklık,2539.44,,https://consumer.huawei.com/tr/support/sparepart-price/
2026-10-09,huawei,Akıllı Cihaz/Intelligent series,SPCG00014007-55029950,HUAWEI Scale 3,Ana Ürün,2488.65,,https://consumer.huawei.com/tr/support/sparepart-price/
2026-10-09,huawei,Giyilebilir/Smart Watch,SPCG80005139-97026694,HUAWEI WATCH GT 7 Pro,Kayış,2139.98,,https://consumer.huawei.com/tr/support/sparepart-price/
2026-10-09,huawei,Giyilebilir/Smart Watch,SPCG80005139-02357UMV,HUAWEI WATCH GT 7 Pro,Kapak,5313.97,,https://consumer.huawei.com/tr/support/sparepart-price/
2026-10-09,huawei,Giyilebilir/Smart Watch,SPCG80005139-55020JTS,HUAWEI WATCH GT 7 Pro,Ana Ürün,28984.68,,https://consumer.huawei.com/tr/support/sparepart-price/
2026-10-09,huawei,Giyilebilir/Smart Watch,SPCG80005139-03036YSC,HUAWEI WATCH GT 7 Pro,Anakart,7000.12,,https://consumer.huawei.com/tr/support/sparepart-price/
2026-10-09,huawei,Giyilebilir/Smart Watch,SPCG80005139-02357UNJ,HUAWEI WATCH GT 7 Pro,Ekran,6504.81,,https://consumer.huawei.com/tr/support/sparepart-price/
2026-10-09,huawei,Giyilebilir/Smart Watch,SPCG80005146-97026689,HUAWEI WATCH GT 7,Kayış,2452.49,,https://consumer.huawei.com/tr/support/sparepart-price/
2026-10-09,huawei,Giyilebilir/Smart Watch,SPCG80005146-02357UNL,HUAWEI WATCH GT 7,Kapak,4322.38,,https://consumer.huawei.com/tr/support/sparepart-price/
2026-10-09,huawei,Giyilebilir/Smart Watch,SPCG80005146-55020JUA,HUAWEI WATCH GT 7,Ana Ürün,25886.39,,https://consumer.huawei.com/tr/support/sparepart-price/
2026-10-09,huawei,Giyilebilir/Smart Watch,SPCG80005146-03036YPB,HUAWEI WATCH GT 7,Anakart,6008.1,,https://consumer.huawei.com/tr/support/sparepart-price/
2026-10-09,huawei,Giyilebilir/Smart Watch,SPCG80005146-02357UNP,HUAWEI WATCH GT 7,Ekran,4718.9,,https://consumer.huawei.com/tr/support/sparepart-price/
2026-10-09,huawei,Giyilebilir/Smart Watch,SPCG80004832-97026646,HUAWEI WATCH KIDS X1,Kayış,1796.38,,https://consumer.huawei.com/tr/support/sparepart-price/
2026-10-09,huawei,Giyilebilir/Smart Watch,SPCG80004832-02357RAM,HUAWEI WATCH KIDS X1,Kapak,2372.42,,https://consumer.huawei.com/tr/support/sparepart-price/
2026-10-09,huawei,Giyilebilir/Smart Watch,SPCG80004832-03036VHE,HUAWEI WATCH KIDS X1,Anakart,6429.63,,https://consumer.huawei.com/tr/support/sparepart-price/
2026-10-09,huawei,Giyilebilir/Smart Watch,SPCG80004832-02357RAJ,HUAWEI WATCH KIDS X1,Ekran,4529.86,,https://consumer.huawei.com/tr/support/sparepart-price/
2026-10-09,huawei,Giyilebilir/Smart Watch,SPCG80004471-97026666,HUAWEI WATCH FIT 5 Pro,Kayış,3537.23,,https://consumer.huawei.com/tr/support/sparepart-price/
2026-10-09,huawei,Giyilebilir/Smart Watch,SPCG80004471-02357QLR,HUAWEI WATCH FIT 5 Pro,Kapak,3042.21,,https://consumer.huawei.com/tr/support/sparepart-price/
2026-10-09,huawei,Giyilebilir/Smart Watch,SPCG80004471-03036UAH,HUAWEI WATCH FIT 5 Pro,Anakart,5479.77,,https://consumer.huawei.com/tr/support/sparepart-price/
2026-10-09,huawei,Giyilebilir/Smart Watch,SPCG80004471-02357QMA,HUAWEI WATCH FIT 5 Pro,Ekran,6223.78,,https://consumer.huawei.com/tr/support/sparepart-price/
2026-10-09,huawei,Giyilebilir/Smart Watch,SPCG80004472-97026595,HUAWEI WATCH FIT 5,Kayış,2902.74,,https://consumer.huawei.com/tr/support/sparepart-price/
2026-10-09,huawei,Giyilebilir/Smart Watch,SPCG80004472-02357PWT,HUAWEI WATCH FIT 5,Kapak,2090.91,,https://consumer.huawei.com/tr/support/sparepart-price/
2026-10-09,huawei,Giyilebilir/Smart Watch,SPCG80004472-03036STK,HUAWEI WATCH FIT 5,Anakart,4818.66,,https://consumer.huawei.com/tr/support/sparepart-price/
2026-10-09,huawei,Giyilebilir/Smart Watch,SPCG80004472-02357PXL,HUAWEI WATCH FIT 5,Ekran,4487.75,,https://consumer.huawei.com/tr/support/sparepart-price/
2026-10-09,huawei,Giyilebilir/Smart Watch,SPCG80004370-97026538,HUAWEI WATCH GT Runner 2,Kayış,3051.68,,https://consumer.huawei.com/tr/support/sparepart-price/
2026-10-09,huawei,Giyilebilir/Smart Watch,SPCG80004370-02357MXM,HUAWEI WATCH GT Runner 2,Kapak,3881.6,,https://consumer.huawei.com/tr/support/sparepart-price/
2026-10-09,huawei,Giyilebilir/Smart Watch,SPCG80004370-55020HMC,HUAWEI WATCH GT Runner 2,Ana Ürün,24117.33,,https://consumer.huawei.com/tr/support/sparepart-price/
2026-10-09,huawei,Giyilebilir/Smart Watch,SPCG80004370-03036RCG,HUAWEI WATCH GT Runner 2,Anakart,6642.51,,https://consumer.huawei.com/tr/support/sparepart-price/
2026-10-09,huawei,Giyilebilir/Smart Watch,SPCG80004370-02357MXW,HUAWEI WATCH GT Runner 2,Ekran,4508.13,,https://consumer.huawei.com/tr/support/sparepart-price/
2026-10-09,huawei,Giyilebilir/Smart Watch,SPCG80003233-02357FQB,HUAWEI WATCH Ultimate 2,Pil,3154.99,,https://consumer.huawei.com/tr/support/sparepart-price/
2026-10-09,huawei,Giyilebilir/Smart Watch,SPCG80003233-97026390,HUAWEI WATCH Ultimate 2,Kayış,3875.57,,https://consumer.huawei.com/tr/support/sparepart-price/
2026-10-09,huawei,Giyilebilir/Smart Watch,SPCG80003233-02357MRM,HUAWEI WATCH Ultimate 2,Kapak,8457.93,,https://consumer.huawei.com/tr/support/sparepart-price/
2026-10-09,huawei,Giyilebilir/Smart Watch,SPCG80003233-03036PWL,HUAWEI WATCH Ultimate 2,Anakart,20664.24,,https://consumer.huawei.com/tr/support/sparepart-price/
2026-10-09,huawei,Giyilebilir/Smart Watch,SPCG80003233-02357FQD,HUAWEI WATCH Ultimate 2,Ekran,14350.32,,https://consumer.huawei.com/tr/support/sparepart-price/
2026-10-09,huawei,Giyilebilir/Smart Watch,SPCG80003373-97026360,HUAWEI WATCH GT 6 Pro,Kayış,3774.84,,https://consumer.huawei.com/tr/support/sparepart-price/
2026-10-09,huawei,Giyilebilir/Smart Watch,SPCG80003373-02357FFJ,HUAWEI WATCH GT 6 Pro,Kapak,5044.68,,https://consumer.huawei.com/tr/support/sparepart-price/
2026-10-09,huawei,Giyilebilir/Smart Watch,SPCG80003373-03036HYC,HUAWEI WATCH GT 6 Pro,Anakart,8036.39,,https://consumer.huawei.com/tr/support/sparepart-price/
2026-10-09,huawei,Giyilebilir/Smart Watch,SPCG80003373-02357FFN,HUAWEI WATCH GT 6 Pro,Ekran,5800.84,,https://consumer.huawei.com/tr/support/sparepart-price/
2026-10-09,huawei,Giyilebilir/Smart Watch,SPCG80003372-97026350,HUAWEI WATCH GT 6,Kayış,4402.04,,https://consumer.huawei.com/tr/support/sparepart-price/
2026-10-09,huawei,Giyilebilir/Smart Watch,SPCG80003372-02357FFF,HUAWEI WATCH GT 6,Kapak,3237.64,,https://consumer.huawei.com/tr/support/sparepart-price/
2026-10-09,huawei,Giyilebilir/Smart Watch,SPCG80003372-03036HYA,HUAWEI WATCH GT 6,Anakart,4888.0,,https://consumer.huawei.com/tr/support/sparepart-price/
2026-10-09,huawei,Giyilebilir/Smart Watch,SPCG80003372-02357FFL,HUAWEI WATCH GT 6,Ekran,4730.14,,https://consumer.huawei.com/tr/support/sparepart-price/
2026-10-09,huawei,Giyilebilir/Smart Watch,SPCG80002992-55020FEE,HUAWEI WATCH FIT 4,Ana Ürün,7078.1,,https://consumer.huawei.com/tr/support/sparepart-price/
2026-10-09,huawei,Giyilebilir/Smart Watch,SPCG80002993-55020FET,HUAWEI WATCH FIT 4 Pro,Ana Ürün,12381.74,,https://consumer.huawei.com/tr/support/sparepart-price/
2026-10-09,huawei,Giyilebilir/Smart Watch,SPCG80003000-02356XVC,HUAWEI WATCH 5,Pil,2187.93,,https://consumer.huawei.com/tr/support/sparepart-price/
2026-10-09,huawei,Giyilebilir/Smart Watch,SPCG80003000-97026179,HUAWEI WATCH 5,Kayış,9291.17,,https://consumer.huawei.com/tr/support/sparepart-price/
2026-10-09,huawei,Giyilebilir/Smart Watch,SPCG80003000-55037893,HUAWEI WATCH 5,Şarj Kutusu,2536.86,,https://consumer.huawei.com/tr/support/sparepart-price/
2026-10-09,huawei,Giyilebilir/Smart Watch,SPCG80003000-02356XVB,HUAWEI WATCH 5,Kapak,4460.35,,https://consumer.huawei.com/tr/support/sparepart-price/
2026-10-09,huawei,Giyilebilir/Smart Watch,SPCG80003000-55020ERR,HUAWEI WATCH 5,Ana Ürün,43595.86,,https://consumer.huawei.com/tr/support/sparepart-price/
2026-10-09,huawei,Giyilebilir/Smart Watch,SPCG80003000-03036CGM,HUAWEI WATCH 5,Anakart,9509.67,,https://consumer.huawei.com/tr/support/sparepart-price/
2026-10-09,huawei,Giyilebilir/Smart Watch,SPCG80003000-02356XUU,HUAWEI WATCH 5,Ekran,10183.42,,https://consumer.huawei.com/tr/support/sparepart-price/
2026-10-09,huawei,Giyilebilir/Smart Watch,SPCG80002365-24024269,HUAWEI WATCH D2,Pil,1569.35,,https://consumer.huawei.com/tr/support/sparepart-price/
2026-10-09,huawei,Giyilebilir/Smart Watch,SPCG80002365-55036904,HUAWEI WATCH D2,Şarj Kutusu,2004.81,,https://consumer.huawei.com/tr/support/sparepart-price/
2026-10-09,huawei,Giyilebilir/Smart Watch,SPCG80002365-02356QCN,HUAWEI WATCH D2,Kapak,4480.79,,https://consumer.huawei.com/tr/support/sparepart-price/
2026-10-09,huawei,Giyilebilir/Smart Watch,SPCG80002365-51995621,HUAWEI WATCH D2,Kelebek Toka Takımı,2270.84,,https://consumer.huawei.com/tr/support/sparepart-price/
2026-10-09,huawei,Giyilebilir/Smart Watch,SPCG80002365-51995512,HUAWEI WATCH D2,L Beden Hava Yastığı Takımı + Kısa Kayış Takımı,4517.26,,https://consumer.huawei.com/tr/support/sparepart-price/
2026-10-09,huawei,Giyilebilir/Smart Watch,SPCG80002365-51995625,HUAWEI WATCH D2,M Beden Kayış,2337.13,,https://consumer.huawei.com/tr/support/sparepart-price/
2026-10-09,huawei,Giyilebilir/Smart Watch,SPCG80002365-51995511,HUAWEI WATCH D2,M Beden Hava Yastığı Takımı + Kısa Kayış Takımı,4517.26,,https://consumer.huawei.com/tr/support/sparepart-price/
2026-10-09,huawei,Giyilebilir/Smart Watch,SPCG80002365-51995626,HUAWEI WATCH D2,L Beden Kayış,2337.13,,https://consumer.huawei.com/tr/support/sparepart-price/
2026-10-09,huawei,Giyilebilir/Smart Watch,SPCG80002365-51995627,HUAWEI WATCH D2,Kısa Kayış Takımı,2997.44,,https://consumer.huawei.com/tr/support/sparepart-price/
2026-10-09,huawei,Giyilebilir/Smart Watch,SPCG80002365-51995613,HUAWEI WATCH D2,L Beden Hava Yastığı,2152.89,,https://consumer.huawei.com/tr/support/sparepart-price/
2026-10-09,huawei,Giyilebilir/Smart Watch,SPCG80002365-51995612,HUAWEI WATCH D2,M Beden Hava Yastığı,2152.89,,https://consumer.huawei.com/tr/support/sparepart-price/
2026-10-09,huawei,Giyilebilir/Smart Watch,SPCG80002365-02356PLS,HUAWEI WATCH D2,Hava Yastığı Pompası,4480.79,,https://consumer.huawei.com/tr/support/sparepart-price/
2026-10-09,huawei,Giyilebilir/Smart Watch,SPCG80002365-03035ULA,HUAWEI WATCH D2,Anakart,3989.21,,https://consumer.huawei.com/tr/support/sparepart-price/
2026-10-09,huawei,Giyilebilir/Smart Watch,SPCG80002365-02356LYA,HUAWEI WATCH D2,Ekran,4803.63,,https://consumer.huawei.com/tr/support/sparepart-price/
2026-10-09,huawei,Giyilebilir/Smart Watch,SPCG80002352-24024150,HUAWEI WATCH GT 5 Pro,Pil,1879.28,,https://consumer.huawei.com/tr/support/sparepart-price/
2026-10-09,huawei,Giyilebilir/Smart Watch,SPCG80002352-97026067,HUAWEI WATCH GT 5 Pro,Kayış,2906.19,,https://consumer.huawei.com/tr/support/sparepart-price/
2026-10-09,huawei,Giyilebilir/Smart Watch,SPCG80002352-02356PBU,HUAWEI WATCH GT 5 Pro,Kapak,5207.88,,https://consumer.huawei.com/tr/support/sparepart-price/
2026-10-09,huawei,Giyilebilir/Smart Watch,SPCG80002352-55020DSJ,HUAWEI WATCH GT 5 Pro,Ana Ürün,32715.29,,https://consumer.huawei.com/tr/support/sparepart-price/
2026-10-09,huawei,Giyilebilir/Smart Watch,SPCG80002352-03035TDJ,HUAWEI WATCH GT 5 Pro,Anakart,6853.98,,https://consumer.huawei.com/tr/support/sparepart-price/
2026-10-09,huawei,Giyilebilir/Smart Watch,SPCG80002352-02356PBS,HUAWEI WATCH GT 5 Pro,Ekran,7759.58,,https://consumer.huawei.com/tr/support/sparepart-price/
2026-10-09,huawei,Giyilebilir/Smart Watch,SPCG80002351-24024150,HUAWEI WATCH GT 5,Pil,1879.28,,https://consumer.huawei.com/tr/support/sparepart-price/
2026-10-09,huawei,Giyilebilir/Smart Watch,SPCG80002351-97025977,HUAWEI WATCH GT 5,Kayış,3862.66,,https://consumer.huawei.com/tr/support/sparepart-price/
2026-10-09,huawei,Giyilebilir/Smart Watch,SPCG80002351-02356MED,HUAWEI WATCH GT 5,Kapak,3593.19,,https://consumer.huawei.com/tr/support/sparepart-price/
2026-10-09,huawei,Giyilebilir/Smart Watch,SPCG80002351-55020DKT,HUAWEI WATCH GT 5,Ana Ürün,16470.65,,https://consumer.huawei.com/tr/support/sparepart-price/
2026-10-09,huawei,Giyilebilir/Smart Watch,SPCG80002351-03035RKA,HUAWEI WATCH GT 5,Anakart,4561.71,,https://consumer.huawei.com/tr/support/sparepart-price/
2026-10-09,huawei,Giyilebilir/Smart Watch,SPCG80002351-02356MFL,HUAWEI WATCH GT 5,Ekran,5126.47,,https://consumer.huawei.com/tr/support/sparepart-price/
2026-10-09,huawei,Giyilebilir/Smart Watch,SPCG80002141-97025832,HUAWEI WATCH FIT 3,Kayış,2463.68,,https://consumer.huawei.com/tr/support/sparepart-price/
2026-10-09,huawei,Giyilebilir/Smart Watch,SPCG80002141-97025842,HUAWEI WATCH FIT 3,Kapak,1449.47,,https://consumer.huawei.com/tr/support/sparepart-price/
2026-10-09,huawei,Giyilebilir/Smart Watch,SPCG80002141-55020CNU,HUAWEI WATCH FIT 3,Ana Ürün,6994.49,,https://consumer.huawei.com/tr/support/sparepart-price/
2026-10-09,huawei,Giyilebilir/Smart Watch,SPCG80002141-03035MSJ,HUAWEI WATCH FIT 3,Anakart,3940.14,,https://consumer.huawei.com/tr/support/sparepart-price/
2026-10-09,huawei,Giyilebilir/Smart Watch,SPCG80002141-02356GNJ,HUAWEI WATCH FIT 3,Ekran,3777.43,,https://consumer.huawei.com/tr/support/sparepart-price/
2026-10-09,huawei,Giyilebilir/Smart Watch,SPCG80001520-97025740,HUAWEI WATCH | ULTIMATE DESIGN,Kayış,16413.04,,https://consumer.huawei.com/tr/support/sparepart-price/
2026-10-09,huawei,Giyilebilir/Smart Watch,SPCG80001520-02355LVH,HUAWEI WATCH | ULTIMATE DESIGN,Kapak,7742.72,,https://consumer.huawei.com/tr/support/sparepart-price/
2026-10-09,huawei,Giyilebilir/Smart Watch,SPCG80001520-03035CPT,HUAWEI WATCH | ULTIMATE DESIGN,Anakart,13680.78,,https://consumer.huawei.com/tr/support/sparepart-price/
2026-10-09,huawei,Giyilebilir/Smart Watch,SPCG80001520-02355TAY,HUAWEI WATCH | ULTIMATE DESIGN,Ekran,131398.54,,https://consumer.huawei.com/tr/support/sparepart-price/
2026-10-09,huawei,Giyilebilir/Smart Watch,SPCG00017224-24023562,HUAWEI WATCH D,Pil,1497.93,,https://consumer.huawei.com/tr/support/sparepart-price/
2026-10-09,huawei,Giyilebilir/Smart Watch,SPCG00017224-02354RXQ,HUAWEI WATCH D,M Beden Kayış,1774.7,,https://consumer.huawei.com/tr/support/sparepart-price/
2026-10-09,huawei,Giyilebilir/Smart Watch,SPCG00017224-02354QFW,HUAWEI WATCH D,L Beden Kayış,3144.66,,https://consumer.huawei.com/tr/support/sparepart-price/
2026-10-09,huawei,Giyilebilir/Smart Watch,SPCG00017224-02355AMF,HUAWEI WATCH D,Kapak,6008.1,,https://consumer.huawei.com/tr/support/sparepart-price/
2026-10-09,huawei,Giyilebilir/Smart Watch,SPCG00017224-03034VCB,HUAWEI WATCH D,Anakart,7304.32,,https://consumer.huawei.com/tr/support/sparepart-price/
2026-10-09,huawei,Giyilebilir/Smart Watch,SPCG00017224-02354QFT,HUAWEI WATCH D,Ekran,3614.71,,https://consumer.huawei.com/tr/support/sparepart-price/
2026-10-09,huawei,Giyilebilir/Smart Watch,SPCG80001407-97025708,HUAWEI WATCH GT 4,Kayış,11816.88,,https://consumer.huawei.com/tr/support/sparepart-price/
2026-10-09,huawei,Giyilebilir/Smart Watch,SPCG80001407-02355ULN,HUAWEI WATCH GT 4,Kapak,3392.6,,https://consumer.huawei.com/tr/support/sparepart-price/
2026-10-09,huawei,Giyilebilir/Smart Watch,SPCG80001407-03035EBH,HUAWEI WATCH GT 4,Anakart,2772.75,,https://consumer.huawei.com/tr/support/sparepart-price/
2026-10-09,huawei,Giyilebilir/Smart Watch,SPCG80001407-02355ULR,HUAWEI WATCH GT 4,Ekran,4803.91,,https://consumer.huawei.com/tr/support/sparepart-price/
2026-10-09,huawei,Giyilebilir/Smart Watch,SPCG80001019-97025667,HUAWEI WATCH 4,Kayış,2412.89,,https://consumer.huawei.com/tr/support/sparepart-price/
2026-10-09,huawei,Giyilebilir/Smart Watch,SPCG80001019-02355PMX,HUAWEI WATCH 4,Kapak,3252.27,,https://consumer.huawei.com/tr/support/sparepart-price/
2026-10-09,huawei,Giyilebilir/Smart Watch,SPCG80001019-03035AMV,HUAWEI WATCH 4,Anakart,6664.29,,https://consumer.huawei.com/tr/support/sparepart-price/
2026-10-09,huawei,Giyilebilir/Smart Watch,SPCG80001019-02355PMW,HUAWEI WATCH 4,Ekran,3166.18,,https://consumer.huawei.com/tr/support/sparepart-price/
2026-10-09,huawei,Giyilebilir/Smart Watch,SPCG80001020-97025630,HUAWEI WATCH 4 Pro,Kayış,11051.09,,https://consumer.huawei.com/tr/support/sparepart-price/
2026-10-09,huawei,Giyilebilir/Smart Watch,SPCG80001020-02355PMN,HUAWEI WATCH 4 Pro,Kapak,3546.7,,https://consumer.huawei.com/tr/support/sparepart-price/
2026-10-09,huawei,Giyilebilir/Smart Watch,SPCG80001020-03035BSV,HUAWEI WATCH 4 Pro,Anakart,6332.68,,https://consumer.huawei.com/tr/support/sparepart-price/
2026-10-09,huawei,Giyilebilir/Smart Watch,SPCG80001020-02355PMM,HUAWEI WATCH 4 Pro,Ekran,5910.44,,https://consumer.huawei.com/tr/support/sparepart-price/
2026-10-09,huawei,Giyilebilir/Smart Watch,SPCG80000936-97025608,HUAWEI WATCH Ultimate,Kayış,3982.32,,https://consumer.huawei.com/tr/support/sparepart-price/
2026-10-09,huawei,Giyilebilir/Smart Watch,SPCG80000936-02355LVH,HUAWEI WATCH Ultimate,Kapak,7742.72,,https://consumer.huawei.com/tr/support/sparepart-price/
2026-10-09,huawei,Giyilebilir/Smart Watch,SPCG80000936-03034XFW,HUAWEI WATCH Ultimate,Anakart,11164.9,,https://consumer.huawei.com/tr/support/sparepart-price/
2026-10-09,huawei,Giyilebilir/Smart Watch,SPCG80000936-02355LQJ,HUAWEI WATCH Ultimate,Ekran,9752.75,,https://consumer.huawei.com/tr/support/sparepart-price/
2026-10-09,huawei,Giyilebilir/Smart Watch,SPCG00018844-02355FLQ,HUAWEI WATCH Buds,Kulaklık,3903.12,,https://consumer.huawei.com/tr/support/sparepart-price/
2026-10-09,huawei,Giyilebilir/Smart Watch,SPCG00018844-97025540,HUAWEI WATCH Buds,Kayış,4308.61,,https://consumer.huawei.com/tr/support/sparepart-price/
2026-10-09,huawei,Giyilebilir/Smart Watch,SPCG00018972-24023562,HUAWEI WATCH GT 3 SE,Pil,1497.93,,https://consumer.huawei.com/tr/support/sparepart-price/
2026-10-09,huawei,Giyilebilir/Smart Watch,SPCG00018972-97025525,HUAWEI WATCH GT 3 SE,Kayış,2297.62,,https://consumer.huawei.com/tr/support/sparepart-price/
2026-10-09,huawei,Giyilebilir/Smart Watch,SPCG00018972-02355HDA,HUAWEI WATCH GT 3 SE,Kapak,4691.5,,https://consumer.huawei.com/tr/support/sparepart-price/
2026-10-09,huawei,Giyilebilir/Smart Watch,SPCG00018972-03034VGA,HUAWEI WATCH GT 3 SE,Anakart,4610.79,,https://consumer.huawei.com/tr/support/sparepart-price/
2026-10-09,huawei,Giyilebilir/Smart Watch,SPCG00018972-02355HDG,HUAWEI WATCH GT 3 SE,Ekran,6279.29,,https://consumer.huawei.com/tr/support/sparepart-price/
2026-10-09,huawei,Giyilebilir/Smart Watch,SPCG00018524-97025452,HUAWEI WATCH FIT 2,Kayış,2876.05,,https://consumer.huawei.com/tr/support/sparepart-price/
2026-10-09,huawei,Giyilebilir/Smart Watch,SPCG00018524-55028996,HUAWEI WATCH FIT 2,Ana Ürün,12585.48,,https://consumer.huawei.com/tr/support/sparepart-price/
2026-10-09,huawei,Giyilebilir/Smart Watch,SPCG00018144-24023617,HUAWEI WATCH GT 3 Pro,Pil,1983.87,,https://consumer.huawei.com/tr/support/sparepart-price/
2026-10-09,huawei,Giyilebilir/Smart Watch,SPCG00018144-97025371,HUAWEI WATCH GT 3 Pro,Kayış,3661.2,,https://consumer.huawei.com/tr/support/sparepart-price/
2026-10-09,huawei,Giyilebilir/Smart Watch,SPCG00018144-02354UWJ,HUAWEI WATCH GT 3 Pro,Kapak,4858.0,,https://consumer.huawei.com/tr/support/sparepart-price/
2026-10-09,huawei,Giyilebilir/Smart Watch,SPCG00018144-03034PHP,HUAWEI WATCH GT 3 Pro,Anakart,8578.07,,https://consumer.huawei.com/tr/support/sparepart-price/
2026-10-09,huawei,Giyilebilir/Smart Watch,SPCG00018144-02354UVA,HUAWEI WATCH GT 3 Pro,Ekran,6697.31,,https://consumer.huawei.com/tr/support/sparepart-price/
2026-10-09,huawei,Giyilebilir/Smart Watch,SPCG00017068-97025290,HUAWEI WATCH FIT mini,Kayış,2262.23,,https://consumer.huawei.com/tr/support/sparepart-price/
2026-10-09,huawei,Giyilebilir/Smart Watch,SPCG00017068-55028096,HUAWEI WATCH FIT mini,Ana Ürün,8278.08,,https://consumer.huawei.com/tr/support/sparepart-price/
2026-10-09,huawei,Giyilebilir/Smart Watch,SPCG00017386-97025322,HUAWEI WATCH GT Runner,Kayış,2068.52,,https://consumer.huawei.com/tr/support/sparepart-price/
2026-10-09,huawei,Giyilebilir/Smart Watch,SPCG00017386-02354RDE,HUAWEI WATCH GT Runner,Kapak,5832.46,,https://consumer.huawei.com/tr/support/sparepart-price/
2026-10-09,huawei,Giyilebilir/Smart Watch,SPCG00017386-02354RCA,HUAWEI WATCH GT Runner,Ekran,6190.06,,https://consumer.huawei.com/tr/support/sparepart-price/
2026-10-09,huawei,Giyilebilir/Smart Watch,SPCG00017386-03034LUY,HUAWEI WATCH GT Runner,Anakart,6653.75,,https://consumer.huawei.com/tr/support/sparepart-price/
2026-10-09,huawei,Giyilebilir/Smart Watch,SPCG00015625-97025318,HUAWEI WATCH GT 3,Kayış,4623.7,,https://consumer.huawei.com/tr/support/sparepart-price/
2026-10-09,huawei,Giyilebilir/Smart Watch,SPCG00015625-02354QVJ,HUAWEI WATCH GT 3,Kapak,4143.31,,https://consumer.huawei.com/tr/support/sparepart-price/
2026-10-09,huawei,Giyilebilir/Smart Watch,SPCG00015625-03034LTL,HUAWEI WATCH GT 3,Anakart,4918.42,,https://consumer.huawei.com/tr/support/sparepart-price/
2026-10-09,huawei,Giyilebilir/Smart Watch,SPCG00015625-02354QVM,HUAWEI WATCH GT 3,Ekran,3657.76,,https://consumer.huawei.com/tr/support/sparepart-price/
2026-10-09,huawei,Giyilebilir/Smart Watch,SPCG00015004-97025179,HUAWEI WATCH 3 Pro,Kayış,12269.33,,https://consumer.huawei.com/tr/support/sparepart-price/
2026-10-09,huawei,Giyilebilir/Smart Watch,SPCG00015004-02354JPU,HUAWEI WATCH 3 Pro,Kapak,3205.78,,https://consumer.huawei.com/tr/support/sparepart-price/
2026-10-09,huawei,Giyilebilir/Smart Watch,SPCG00015004-03034GVE,HUAWEI WATCH 3 Pro,Anakart,4612.81,,https://consumer.huawei.com/tr/support/sparepart-price/
2026-10-09,huawei,Giyilebilir/Smart Watch,SPCG00015004-02354JPS,HUAWEI WATCH 3 Pro,Ekran,3442.53,,https://consumer.huawei.com/tr/support/sparepart-price/
2026-10-09,huawei,Giyilebilir/Smart Watch,SPCG00015005-97025150,HUAWEI WATCH 3,Kayış,2409.44,,https://consumer.huawei.com/tr/support/sparepart-price/
2026-10-09,huawei,Giyilebilir/Smart Watch,SPCG00015005-02354JHE,HUAWEI WATCH 3,Kapak,2189.05,,https://consumer.huawei.com/tr/support/sparepart-price/
2026-10-09,huawei,Giyilebilir/Smart Watch,SPCG00015005-03034GVD,HUAWEI WATCH 3,Anakart,5034.35,,https://consumer.huawei.com/tr/support/sparepart-price/
2026-10-09,huawei,Giyilebilir/Smart Watch,SPCG00015005-02354JHA,HUAWEI WATCH 3,Ekran,3686.17,,https://consumer.huawei.com/tr/support/sparepart-price/
2026-10-09,huawei,Giyilebilir/Smart Watch,SPCG00013324-97071AAT,HUAWEI WATCH FIT,Kayış,2785.0,,https://consumer.huawei.com/tr/support/sparepart-price/
2026-10-09,huawei,Giyilebilir/Smart Watch,SPCG00013324-55026019,HUAWEI WATCH FIT,Ana Ürün,6410.67,,https://consumer.huawei.com/tr/support/sparepart-price/
2026-10-09,huawei,Giyilebilir/Smart Watch,SPCG00013264-97070YXJ,HUAWEI WATCH GT 2 Pro,Kayış,3207.0,,https://consumer.huawei.com/tr/support/sparepart-price/
2026-10-09,huawei,Giyilebilir/Smart Watch,SPCG00013264-02353VTY,HUAWEI WATCH GT 2 Pro,Kapak,3798.95,,https://consumer.huawei.com/tr/support/sparepart-price/
2026-10-09,huawei,Giyilebilir/Smart Watch,SPCG00013264-03033VHV,HUAWEI WATCH GT 2 Pro,Anakart,2638.44,,https://consumer.huawei.com/tr/support/sparepart-price/
2026-10-09,huawei,Giyilebilir/Smart Watch,SPCG00013264-02353VUA,HUAWEI WATCH GT 2 Pro,Ekran,7198.24,,https://consumer.huawei.com/tr/support/sparepart-price/
2026-10-09,huawei,Giyilebilir/Smart Watch,SPCG00011784-97070XQJ,HUAWEI WATCH GT 2e,Kayış,2058.19,,https://consumer.huawei.com/tr/support/sparepart-price/
2026-10-09,huawei,Giyilebilir/Smart Watch,SPCG00011784-02353MSJ,HUAWEI WATCH GT 2e,Kapak,2337.99,,https://consumer.huawei.com/tr/support/sparepart-price/
2026-10-09,huawei,Giyilebilir/Smart Watch,SPCG00011784-03033RGF,HUAWEI WATCH GT 2e,Anakart,3423.59,,https://consumer.huawei.com/tr/support/sparepart-price/
2026-10-09,huawei,Giyilebilir/Smart Watch,SPCG00011784-02353MSM,HUAWEI WATCH GT 2e,Ekran,2868.31,,https://consumer.huawei.com/tr/support/sparepart-price/
2026-10-09,huawei,Giyilebilir/Smart Watch,SPCG00008500-97070VSA,HUAWEI WATCH GT,Kayış,1375.0,,https://consumer.huawei.com/tr/support/sparepart-price/
2026-10-09,huawei,Giyilebilir/Smart Watch,SPCG00008500-02352GNJ,HUAWEI WATCH GT,Kapak,2324.4,,https://consumer.huawei.com/tr/support/sparepart-price/
2026-10-09,huawei,Giyilebilir/Smart Watch,SPCG00008500-03033AQU,HUAWEI WATCH GT,Anakart,4667.61,,https://consumer.huawei.com/tr/support/sparepart-price/
2026-10-09,huawei,Giyilebilir/Smart Watch,SPCG00008500-02352GXS,HUAWEI WATCH GT,Ekran,2158.06,,https://consumer.huawei.com/tr/support/sparepart-price/
2026-10-09,huawei,Giyilebilir/Smart Watch,SPCG00009526-97070XGC,HUAWEI WATCH GT 2,Kayış,5544.0,,https://consumer.huawei.com/tr/support/sparepart-price/
2026-10-09,huawei,Giyilebilir/Smart Watch,SPCG00009526-03033KWJ,HUAWEI WATCH GT 2,Anakart,2338.85,,https://consumer.huawei.com/tr/support/sparepart-price/
2026-10-09,huawei,Giyilebilir/Smart Watch,SPCG00009526-02353HQA,HUAWEI WATCH GT 2,Ekran,3672.39,,https://consumer.huawei.com/tr/support/sparepart-price/
2026-10-09,huawei,Giyilebilir/Smartband,SPCG80004263-97026508,HUAWEI Band 11 Pro,Kayış,2188.19,,https://consumer.huawei.com/tr/support/sparepart-price/
2026-10-09,huawei,Giyilebilir/Smartband,SPCG80004263-55020HJP,HUAWEI Band 11 Pro,Ana Ürün,6625.65,,https://consumer.huawei.com/tr/support/sparepart-price/
2026-10-09,huawei,Giyilebilir/Smartband,SPCG80004262-97026504,HUAWEI Band 11,Kayış,2188.19,,https://consumer.huawei.com/tr/support/sparepart-price/
2026-10-09,huawei,Giyilebilir/Smartband,SPCG80002978-97025801,HUAWEI Band 10,Kayış,1767.04,,https://consumer.huawei.com/tr/support/sparepart-price/
2026-10-09,huawei,Giyilebilir/Smartband,SPCG80002978-55020EPC,HUAWEI Band 10,Ana Ürün,2651.36,,https://consumer.huawei.com/tr/support/sparepart-price/
2026-10-09,huawei,Giyilebilir/Smartband,SPCG80002240-97025803,HUAWEI Band 9,Kayış,1903.51,,https://consumer.huawei.com/tr/support/sparepart-price/
2026-10-09,huawei,Giyilebilir/Smartband,SPCG80002240-55020CJR,HUAWEI Band 9,Ana Ürün,2635.86,,https://consumer.huawei.com/tr/support/sparepart-price/
2026-10-09,huawei,Giyilebilir/Smartband,SPCG80001233-97025674,HUAWEI Band 8,Kayış,1690.52,,https://consumer.huawei.com/tr/support/sparepart-price/
2026-10-09,huawei,Giyilebilir/Smartband,SPCG80001233-55020BBL,HUAWEI Band 8,Ana Ürün,4008.15,,https://consumer.huawei.com/tr/support/sparepart-price/
2026-10-09,huawei,Giyilebilir/Smartband,SPCG00018585-97025435,HUAWEI Band 7,Kayış,1690.52,,https://consumer.huawei.com/tr/support/sparepart-price/
2026-10-09,huawei,Giyilebilir/Smartband,SPCG00018585-55029237,HUAWEI Band 7,Ana Ürün,5143.95,,https://consumer.huawei.com/tr/support/sparepart-price/
2026-10-09,huawei,Giyilebilir/Smartband,SPCG00015045-97025104,HUAWEI Band 6,Kayış,2152.22,,https://consumer.huawei.com/tr/support/sparepart-price/
2026-10-09,huawei,Giyilebilir/Smartband,SPCG00015045-55026850,HUAWEI Band 6,Ana Ürün,4516.56,,https://consumer.huawei.com/tr/support/sparepart-price/
2026-10-09,huawei,Giyilebilir/Smartband,SPCG00009705-97070XED,HUAWEI Band 4,Kayış,1588.49,,https://consumer.huawei.com/tr/support/sparepart-price/
2026-10-09,huawei,Giyilebilir/Smartband,SPCG00009705-55024600,HUAWEI Band 4,Ana Ürün,3546.7,,https://consumer.huawei.com/tr/support/sparepart-price/
